company ,login_times,login_day
346782,1,0
346782,0,1
346782,1,2
346782,0,3
346782,1,4
346782,0,5
346782,0,6
346783,0,0
346783,0,1
346783,0,2
346783,0,3
346783,0,4
346783,0,5
346783,0,6
346784,1,0
346784,0,1
346784,0,2
346784,1,3
346784,4,4
346784,1,5
346784,0,6
346785,0,0
346785,0,1
346785,0,2
346785,0,3
346785,0,4
346785,0,5
346785,0,6
346786,0,0
346786,0,1
346786,0,2
346786,0,3
346786,0,4
346786,0,5
346786,0,6
346787,0,0
346787,0,1
346787,0,2
346787,0,3
346787,1,4
346787,0,5
346787,0,6
346788,0,0
346788,0,1
346788,0,2
346788,0,3
346788,0,4
346788,0,5
346788,0,6
346789,0,0
346789,0,1
346789,0,2
346789,0,3
346789,0,4
346789,0,5
346789,0,6
346790,0,0
346790,0,1
346790,0,2
346790,0,3
346790,0,4
346790,0,5
346790,0,6
346791,0,0
346791,0,1
346791,0,2
346791,0,3
346791,1,4
346791,1,5
346791,0,6
346792,2,0
346792,1,1
346792,2,2
346792,1,3
346792,0,4
346792,1,5
346792,0,6
346793,0,0
346793,0,1
346793,0,2
346793,0,3
346793,0,4
346793,0,5
346793,0,6
346794,0,0
346794,0,1
346794,0,2
346794,0,3
346794,0,4
346794,1,5
346794,0,6
346795,0,0
346795,0,1
346795,0,2
346795,0,3
346795,0,4
346795,0,5
346795,2,6
346796,1,0
346796,1,1
346796,3,2
346796,3,3
346796,2,4
346796,0,5
346796,1,6
346797,1,0
346797,0,1
346797,0,2
346797,0,3
346797,1,4
346797,0,5
346797,0,6
346798,0,0
346798,0,1
346798,1,2
346798,0,3
346798,0,4
346798,0,5
346798,0,6
346799,0,0
346799,2,1
346799,0,2
346799,0,3
346799,0,4
346799,0,5
346799,0,6
346800,0,0
346800,0,1
346800,0,2
346800,0,3
346800,0,4
346800,1,5
346800,0,6
346801,0,0
346801,1,1
346801,0,2
346801,0,3
346801,0,4
346801,0,5
346801,0,6
346802,1,0
346802,0,1
346802,0,2
346802,0,3
346802,0,4
346802,0,5
346802,1,6
346803,0,0
346803,1,1
346803,1,2
346803,4,3
346803,0,4
346803,0,5
346803,0,6
346804,0,0
346804,0,1
346804,0,2
346804,0,3
346804,0,4
346804,0,5
346804,0,6
346805,1,0
346805,0,1
346805,0,2
346805,2,3
346805,0,4
346805,1,5
346805,1,6
346806,0,0
346806,0,1
346806,0,2
346806,0,3
346806,0,4
346806,0,5
346806,1,6
346807,0,0
346807,0,1
346807,1,2
346807,0,3
346807,1,4
346807,0,5
346807,0,6
346808,1,0
346808,0,1
346808,1,2
346808,0,3
346808,2,4
346808,0,5
346808,0,6
346809,0,0
346809,0,1
346809,0,2
346809,0,3
346809,0,4
346809,0,5
346809,0,6
346810,0,0
346810,0,1
346810,0,2
346810,0,3
346810,0,4
346810,0,5
346810,1,6
346811,0,0
346811,0,1
346811,0,2
346811,0,3
346811,0,4
346811,0,5
346811,0,6
346812,0,0
346812,0,1
346812,2,2
346812,0,3
346812,0,4
346812,0,5
346812,0,6
346813,0,0
346813,0,1
346813,0,2
346813,0,3
346813,0,4
346813,0,5
346813,0,6
346814,0,0
346814,0,1
346814,0,2
346814,1,3
346814,0,4
346814,0,5
346814,0,6
346815,0,0
346815,0,1
346815,1,2
346815,0,3
346815,0,4
346815,0,5
346815,0,6
346816,0,0
346816,3,1
346816,3,2
346816,1,3
346816,0,4
346816,2,5
346816,0,6
346817,0,0
346817,0,1
346817,1,2
346817,1,3
346817,0,4
346817,2,5
346817,0,6
346818,1,0
346818,1,1
346818,0,2
346818,0,3
346818,0,4
346818,0,5
346818,0,6
346819,0,0
346819,3,1
346819,2,2
346819,1,3
346819,4,4
346819,1,5
346819,0,6
346820,1,0
346820,1,1
346820,0,2
346820,0,3
346820,0,4
346820,0,5
346820,0,6
346821,0,0
346821,1,1
346821,3,2
346821,0,3
346821,0,4
346821,0,5
346821,0,6
346822,0,0
346822,1,1
346822,0,2
346822,1,3
346822,1,4
346822,0,5
346822,0,6
346823,0,0
346823,0,1
346823,0,2
346823,1,3
346823,0,4
346823,0,5
346823,0,6
346824,1,0
346824,0,1
346824,0,2
346824,0,3
346824,0,4
346824,0,5
346824,0,6
346825,0,0
346825,0,1
346825,0,2
346825,0,3
346825,0,4
346825,0,5
346825,1,6
346826,0,0
346826,0,1
346826,1,2
346826,0,3
346826,1,4
346826,0,5
346826,0,6
346827,2,0
346827,2,1
346827,0,2
346827,1,3
346827,1,4
346827,2,5
346827,3,6
346828,0,0
346828,0,1
346828,0,2
346828,0,3
346828,1,4
346828,1,5
346828,0,6
346829,0,0
346829,0,1
346829,0,2
346829,0,3
346829,1,4
346829,0,5
346829,0,6
346830,0,0
346830,0,1
346830,1,2
346830,0,3
346830,1,4
346830,0,5
346830,0,6
346831,0,0
346831,0,1
346831,0,2
346831,0,3
346831,0,4
346831,0,5
346831,0,6
346832,0,0
346832,1,1
346832,0,2
346832,1,3
346832,0,4
346832,0,5
346832,0,6
346833,0,0
346833,0,1
346833,0,2
346833,0,3
346833,0,4
346833,0,5
346833,1,6
346834,0,0
346834,2,1
346834,0,2
346834,3,3
346834,2,4
346834,4,5
346834,1,6
346835,0,0
346835,0,1
346835,0,2
346835,0,3
346835,0,4
346835,1,5
346835,0,6
346836,2,0
346836,0,1
346836,0,2
346836,0,3
346836,0,4
346836,0,5
346836,0,6
346837,1,0
346837,0,1
346837,0,2
346837,2,3
346837,0,4
346837,0,5
346837,0,6
346838,0,0
346838,0,1
346838,0,2
346838,0,3
346838,0,4
346838,0,5
346838,0,6
346839,0,0
346839,0,1
346839,1,2
346839,0,3
346839,0,4
346839,0,5
346839,0,6
346840,0,0
346840,0,1
346840,0,2
346840,0,3
346840,1,4
346840,0,5
346840,0,6
346841,1,0
346841,0,1
346841,0,2
346841,0,3
346841,0,4
346841,0,5
346841,0,6
346842,0,0
346842,0,1
346842,0,2
346842,0,3
346842,1,4
346842,0,5
346842,0,6
346843,1,0
346843,0,1
346843,0,2
346843,1,3
346843,1,4
346843,0,5
346843,0,6
346844,0,0
346844,0,1
346844,0,2
346844,0,3
346844,1,4
346844,0,5
346844,0,6
346845,0,0
346845,1,1
346845,0,2
346845,0,3
346845,0,4
346845,0,5
346845,2,6
346846,0,0
346846,0,1
346846,0,2
346846,0,3
346846,0,4
346846,0,5
346846,0,6
346847,2,0
346847,3,1
346847,1,2
346847,1,3
346847,1,4
346847,2,5
346847,0,6
346848,0,0
346848,0,1
346848,1,2
346848,1,3
346848,1,4
346848,1,5
346848,3,6
346849,0,0
346849,0,1
346849,0,2
346849,0,3
346849,0,4
346849,0,5
346849,2,6
346850,0,0
346850,0,1
346850,1,2
346850,1,3
346850,0,4
346850,0,5
346850,0,6
346851,0,0
346851,0,1
346851,1,2
346851,0,3
346851,0,4
346851,0,5
346851,0,6
346852,1,0
346852,1,1
346852,1,2
346852,0,3
346852,0,4
346852,0,5
346852,0,6
346853,1,0
346853,0,1
346853,0,2
346853,0,3
346853,0,4
346853,0,5
346853,0,6
346854,1,0
346854,0,1
346854,1,2
346854,2,3
346854,2,4
346854,1,5
346854,1,6
346855,1,0
346855,0,1
346855,0,2
346855,0,3
346855,0,4
346855,1,5
346855,0,6
346856,0,0
346856,0,1
346856,0,2
346856,0,3
346856,0,4
346856,1,5
346856,0,6
346857,1,0
346857,3,1
346857,0,2
346857,1,3
346857,3,4
346857,4,5
346857,0,6
346858,2,0
346858,1,1
346858,2,2
346858,2,3
346858,4,4
346858,1,5
346858,1,6
346859,0,0
346859,0,1
346859,2,2
346859,0,3
346859,2,4
346859,1,5
346859,2,6
346860,0,0
346860,1,1
346860,0,2
346860,0,3
346860,0,4
346860,0,5
346860,0,6
346861,1,0
346861,0,1
346861,1,2
346861,2,3
346861,1,4
346861,1,5
346861,0,6
346862,0,0
346862,1,1
346862,0,2
346862,0,3
346862,1,4
346862,0,5
346862,0,6
346863,0,0
346863,0,1
346863,1,2
346863,0,3
346863,0,4
346863,0,5
346863,0,6
346864,0,0
346864,2,1
346864,0,2
346864,0,3
346864,0,4
346864,0,5
346864,0,6
346865,1,0
346865,0,1
346865,0,2
346865,1,3
346865,0,4
346865,0,5
346865,0,6
346866,0,0
346866,0,1
346866,0,2
346866,1,3
346866,0,4
346866,0,5
346866,1,6
346867,1,0
346867,2,1
346867,0,2
346867,1,3
346867,1,4
346867,5,5
346867,2,6
346868,0,0
346868,0,1
346868,0,2
346868,0,3
346868,0,4
346868,0,5
346868,0,6
346869,0,0
346869,0,1
346869,0,2
346869,0,3
346869,0,4
346869,0,5
346869,0,6
346870,0,0
346870,1,1
346870,2,2
346870,1,3
346870,0,4
346870,1,5
346870,2,6
346871,1,0
346871,0,1
346871,0,2
346871,0,3
346871,0,4
346871,0,5
346871,0,6
346872,0,0
346872,0,1
346872,0,2
346872,0,3
346872,0,4
346872,0,5
346872,0,6
346873,0,0
346873,1,1
346873,1,2
346873,0,3
346873,0,4
346873,0,5
346873,0,6
346874,0,0
346874,0,1
346874,0,2
346874,0,3
346874,0,4
346874,1,5
346874,0,6
346875,0,0
346875,0,1
346875,0,2
346875,0,3
346875,0,4
346875,0,5
346875,0,6
346876,1,0
346876,0,1
346876,0,2
346876,0,3
346876,1,4
346876,0,5
346876,1,6
346877,0,0
346877,1,1
346877,1,2
346877,0,3
346877,0,4
346877,1,5
346877,1,6
346878,0,0
346878,0,1
346878,0,2
346878,0,3
346878,1,4
346878,0,5
346878,0,6
346879,0,0
346879,0,1
346879,1,2
346879,0,3
346879,0,4
346879,0,5
346879,0,6
346880,0,0
346880,1,1
346880,0,2
346880,0,3
346880,0,4
346880,0,5
346880,0,6
346881,2,0
346881,1,1
346881,3,2
346881,0,3
346881,1,4
346881,2,5
346881,1,6
346882,0,0
346882,0,1
346882,1,2
346882,1,3
346882,0,4
346882,1,5
346882,0,6
346883,0,0
346883,0,1
346883,0,2
346883,0,3
346883,0,4
346883,0,5
346883,0,6
346884,0,0
346884,0,1
346884,0,2
346884,0,3
346884,0,4
346884,0,5
346884,2,6
346885,1,0
346885,1,1
346885,2,2
346885,0,3
346885,0,4
346885,3,5
346885,2,6
346886,1,0
346886,0,1
346886,0,2
346886,0,3
346886,0,4
346886,0,5
346886,0,6
346887,0,0
346887,0,1
346887,0,2
346887,0,3
346887,0,4
346887,1,5
346887,0,6
346888,1,0
346888,0,1
346888,0,2
346888,1,3
346888,0,4
346888,0,5
346888,0,6
346889,0,0
346889,0,1
346889,0,2
346889,0,3
346889,0,4
346889,0,5
346889,0,6
346890,2,0
346890,0,1
346890,0,2
346890,1,3
346890,2,4
346890,1,5
346890,1,6
346891,0,0
346891,0,1
346891,0,2
346891,0,3
346891,1,4
346891,1,5
346891,0,6
346892,1,0
346892,2,1
346892,2,2
346892,1,3
346892,3,4
346892,1,5
346892,1,6
346893,0,0
346893,0,1
346893,0,2
346893,0,3
346893,1,4
346893,0,5
346893,0,6
346894,0,0
346894,0,1
346894,0,2
346894,0,3
346894,0,4
346894,0,5
346894,0,6
346895,0,0
346895,0,1
346895,0,2
346895,0,3
346895,0,4
346895,0,5
346895,0,6
346896,0,0
346896,0,1
346896,1,2
346896,0,3
346896,0,4
346896,0,5
346896,0,6
346897,0,0
346897,0,1
346897,0,2
346897,0,3
346897,0,4
346897,1,5
346897,0,6
346898,2,0
346898,2,1
346898,0,2
346898,2,3
346898,2,4
346898,1,5
346898,2,6
346899,0,0
346899,0,1
346899,1,2
346899,0,3
346899,0,4
346899,0,5
346899,2,6
346900,0,0
346900,0,1
346900,0,2
346900,0,3
346900,0,4
346900,1,5
346900,0,6
346901,0,0
346901,2,1
346901,0,2
346901,1,3
346901,1,4
346901,0,5
346901,0,6
346902,1,0
346902,0,1
346902,0,2
346902,2,3
346902,0,4
346902,3,5
346902,1,6
346903,0,0
346903,0,1
346903,0,2
346903,0,3
346903,1,4
346903,0,5
346903,0,6
346904,0,0
346904,0,1
346904,0,2
346904,0,3
346904,0,4
346904,0,5
346904,1,6
346905,0,0
346905,1,1
346905,0,2
346905,0,3
346905,0,4
346905,0,5
346905,1,6
346906,0,0
346906,0,1
346906,0,2
346906,0,3
346906,0,4
346906,0,5
346906,1,6
346907,0,0
346907,0,1
346907,0,2
346907,0,3
346907,0,4
346907,0,5
346907,0,6
346908,0,0
346908,0,1
346908,0,2
346908,0,3
346908,0,4
346908,0,5
346908,1,6
346909,0,0
346909,0,1
346909,0,2
346909,0,3
346909,0,4
346909,0,5
346909,0,6
346910,0,0
346910,1,1
346910,0,2
346910,0,3
346910,1,4
346910,1,5
346910,1,6
346911,0,0
346911,0,1
346911,0,2
346911,0,3
346911,0,4
346911,1,5
346911,0,6
346912,2,0
346912,1,1
346912,1,2
346912,1,3
346912,1,4
346912,2,5
346912,0,6
346913,0,0
346913,0,1
346913,0,2
346913,0,3
346913,0,4
346913,0,5
346913,0,6
346914,1,0
346914,1,1
346914,0,2
346914,0,3
346914,2,4
346914,0,5
346914,0,6
346915,0,0
346915,0,1
346915,0,2
346915,0,3
346915,0,4
346915,1,5
346915,0,6
346916,0,0
346916,0,1
346916,0,2
346916,0,3
346916,0,4
346916,0,5
346916,0,6
346917,0,0
346917,0,1
346917,0,2
346917,0,3
346917,0,4
346917,0,5
346917,0,6
346918,0,0
346918,1,1
346918,0,2
346918,0,3
346918,0,4
346918,1,5
346918,1,6
346919,1,0
346919,1,1
346919,0,2
346919,0,3
346919,0,4
346919,0,5
346919,0,6
346920,0,0
346920,0,1
346920,0,2
346920,0,3
346920,0,4
346920,1,5
346920,0,6
346921,0,0
346921,0,1
346921,0,2
346921,0,3
346921,0,4
346921,1,5
346921,0,6
346922,0,0
346922,0,1
346922,0,2
346922,0,3
346922,0,4
346922,0,5
346922,0,6
346923,0,0
346923,0,1
346923,0,2
346923,1,3
346923,0,4
346923,1,5
346923,0,6
346924,0,0
346924,1,1
346924,0,2
346924,0,3
346924,0,4
346924,2,5
346924,0,6
346925,0,0
346925,0,1
346925,0,2
346925,0,3
346925,0,4
346925,0,5
346925,0,6
346926,0,0
346926,1,1
346926,2,2
346926,1,3
346926,2,4
346926,1,5
346926,0,6
346927,2,0
346927,0,1
346927,0,2
346927,1,3
346927,0,4
346927,0,5
346927,1,6
346928,0,0
346928,0,1
346928,1,2
346928,0,3
346928,0,4
346928,0,5
346928,0,6
346929,0,0
346929,0,1
346929,0,2
346929,0,3
346929,0,4
346929,1,5
346929,0,6
346930,0,0
346930,0,1
346930,0,2
346930,0,3
346930,1,4
346930,0,5
346930,0,6
346931,0,0
346931,0,1
346931,0,2
346931,0,3
346931,0,4
346931,1,5
346931,1,6
346932,0,0
346932,0,1
346932,0,2
346932,1,3
346932,0,4
346932,0,5
346932,1,6
346933,1,0
346933,0,1
346933,1,2
346933,0,3
346933,0,4
346933,0,5
346933,0,6
346934,1,0
346934,0,1
346934,0,2
346934,0,3
346934,0,4
346934,0,5
346934,1,6
346935,0,0
346935,1,1
346935,1,2
346935,2,3
346935,1,4
346935,1,5
346935,3,6
346936,0,0
346936,0,1
346936,0,2
346936,1,3
346936,0,4
346936,0,5
346936,0,6
346937,1,0
346937,0,1
346937,0,2
346937,1,3
346937,2,4
346937,2,5
346937,2,6
346938,0,0
346938,0,1
346938,0,2
346938,0,3
346938,0,4
346938,0,5
346938,0,6
346939,1,0
346939,0,1
346939,0,2
346939,1,3
346939,0,4
346939,1,5
346939,0,6
346940,1,0
346940,0,1
346940,0,2
346940,0,3
346940,0,4
346940,0,5
346940,0,6
346941,0,0
346941,0,1
346941,0,2
346941,1,3
346941,1,4
346941,1,5
346941,0,6
346942,0,0
346942,0,1
346942,0,2
346942,0,3
346942,0,4
346942,1,5
346942,0,6
346943,0,0
346943,0,1
346943,0,2
346943,0,3
346943,0,4
346943,0,5
346943,0,6
346944,0,0
346944,0,1
346944,0,2
346944,1,3
346944,0,4
346944,0,5
346944,1,6
346945,2,0
346945,2,1
346945,0,2
346945,2,3
346945,1,4
346945,2,5
346945,3,6
346946,0,0
346946,1,1
346946,1,2
346946,0,3
346946,3,4
346946,2,5
346946,2,6
346947,0,0
346947,0,1
346947,0,2
346947,0,3
346947,0,4
346947,0,5
346947,1,6
346948,0,0
346948,0,1
346948,1,2
346948,0,3
346948,1,4
346948,0,5
346948,0,6
346949,0,0
346949,0,1
346949,0,2
346949,0,3
346949,0,4
346949,1,5
346949,0,6
346950,2,0
346950,0,1
346950,2,2
346950,1,3
346950,4,4
346950,1,5
346950,0,6
346951,0,0
346951,1,1
346951,0,2
346951,0,3
346951,0,4
346951,1,5
346951,0,6
346952,0,0
346952,0,1
346952,0,2
346952,1,3
346952,0,4
346952,1,5
346952,0,6
346953,0,0
346953,0,1
346953,1,2
346953,0,3
346953,0,4
346953,0,5
346953,1,6
346954,1,0
346954,0,1
346954,0,2
346954,1,3
346954,0,4
346954,0,5
346954,0,6
346955,0,0
346955,0,1
346955,0,2
346955,0,3
346955,0,4
346955,0,5
346955,0,6
346956,0,0
346956,0,1
346956,1,2
346956,0,3
346956,0,4
346956,0,5
346956,0,6
346957,2,0
346957,0,1
346957,0,2
346957,0,3
346957,0,4
346957,0,5
346957,0,6
346958,0,0
346958,0,1
346958,0,2
346958,1,3
346958,0,4
346958,0,5
346958,0,6
346959,0,0
346959,0,1
346959,0,2
346959,0,3
346959,0,4
346959,0,5
346959,0,6
346960,1,0
346960,1,1
346960,3,2
346960,1,3
346960,1,4
346960,0,5
346960,2,6
346961,0,0
346961,0,1
346961,0,2
346961,0,3
346961,0,4
346961,0,5
346961,0,6
346962,0,0
346962,0,1
346962,0,2
346962,0,3
346962,0,4
346962,0,5
346962,1,6
346963,1,0
346963,1,1
346963,0,2
346963,1,3
346963,3,4
346963,3,5
346963,2,6
346964,0,0
346964,0,1
346964,0,2
346964,0,3
346964,1,4
346964,0,5
346964,0,6
346965,1,0
346965,1,1
346965,2,2
346965,2,3
346965,2,4
346965,1,5
346965,0,6
346966,0,0
346966,1,1
346966,0,2
346966,0,3
346966,0,4
346966,0,5
346966,0,6
346967,2,0
346967,0,1
346967,1,2
346967,0,3
346967,0,4
346967,2,5
346967,2,6
346968,0,0
346968,0,1
346968,0,2
346968,0,3
346968,0,4
346968,0,5
346968,0,6
346969,0,0
346969,0,1
346969,0,2
346969,0,3
346969,0,4
346969,0,5
346969,1,6
346970,1,0
346970,1,1
346970,1,2
346970,3,3
346970,1,4
346970,1,5
346970,0,6
346971,0,0
346971,1,1
346971,0,2
346971,0,3
346971,0,4
346971,0,5
346971,0,6
346972,0,0
346972,1,1
346972,1,2
346972,0,3
346972,0,4
346972,0,5
346972,0,6
346973,0,0
346973,0,1
346973,0,2
346973,0,3
346973,0,4
346973,0,5
346973,2,6
346974,0,0
346974,0,1
346974,0,2
346974,2,3
346974,0,4
346974,0,5
346974,0,6
346975,2,0
346975,3,1
346975,1,2
346975,3,3
346975,2,4
346975,1,5
346975,3,6
346976,0,0
346976,1,1
346976,0,2
346976,1,3
346976,0,4
346976,2,5
346976,0,6
346977,0,0
346977,0,1
346977,1,2
346977,0,3
346977,1,4
346977,0,5
346977,0,6
346978,0,0
346978,0,1
346978,0,2
346978,0,3
346978,0,4
346978,0,5
346978,0,6
346979,0,0
346979,0,1
346979,1,2
346979,0,3
346979,0,4
346979,0,5
346979,0,6
346980,0,0
346980,0,1
346980,0,2
346980,0,3
346980,0,4
346980,1,5
346980,0,6
346981,0,0
346981,0,1
346981,0,2
346981,1,3
346981,1,4
346981,0,5
346981,0,6
346982,2,0
346982,0,1
346982,0,2
346982,1,3
346982,0,4
346982,0,5
346982,0,6
346983,0,0
346983,0,1
346983,0,2
346983,0,3
346983,1,4
346983,0,5
346983,0,6
346984,2,0
346984,3,1
346984,1,2
346984,3,3
346984,3,4
346984,0,5
346984,1,6
346985,1,0
346985,0,1
346985,0,2
346985,0,3
346985,0,4
346985,0,5
346985,0,6
346986,0,0
346986,0,1
346986,0,2
346986,0,3
346986,0,4
346986,0,5
346986,0,6
346987,1,0
346987,0,1
346987,1,2
346987,3,3
346987,1,4
346987,1,5
346987,2,6
346988,0,0
346988,0,1
346988,0,2
346988,0,3
346988,1,4
346988,0,5
346988,0,6
346989,1,0
346989,0,1
346989,0,2
346989,0,3
346989,0,4
346989,2,5
346989,0,6
346990,0,0
346990,0,1
346990,1,2
346990,0,3
346990,1,4
346990,0,5
346990,0,6
346991,1,0
346991,0,1
346991,1,2
346991,1,3
346991,1,4
346991,0,5
346991,2,6
346992,0,0
346992,1,1
346992,1,2
346992,0,3
346992,0,4
346992,1,5
346992,0,6
346993,1,0
346993,0,1
346993,0,2
346993,0,3
346993,0,4
346993,0,5
346993,0,6
346994,2,0
346994,1,1
346994,2,2
346994,0,3
346994,0,4
346994,2,5
346994,2,6
346995,1,0
346995,2,1
346995,0,2
346995,0,3
346995,0,4
346995,0,5
346995,0,6
346996,1,0
346996,0,1
346996,0,2
346996,0,3
346996,0,4
346996,1,5
346996,1,6
346997,2,0
346997,0,1
346997,0,2
346997,4,3
346997,0,4
346997,2,5
346997,3,6
346998,0,0
346998,1,1
346998,0,2
346998,0,3
346998,0,4
346998,0,5
346998,1,6
346999,1,0
346999,0,1
346999,2,2
346999,1,3
346999,2,4
346999,1,5
346999,0,6
347000,0,0
347000,2,1
347000,2,2
347000,0,3
347000,0,4
347000,2,5
347000,0,6
347001,0,0
347001,1,1
347001,0,2
347001,0,3
347001,0,4
347001,0,5
347001,0,6
347002,0,0
347002,1,1
347002,0,2
347002,0,3
347002,0,4
347002,1,5
347002,0,6
347003,0,0
347003,0,1
347003,0,2
347003,0,3
347003,0,4
347003,0,5
347003,0,6
347004,0,0
347004,1,1
347004,0,2
347004,0,3
347004,0,4
347004,0,5
347004,0,6
347005,1,0
347005,0,1
347005,0,2
347005,0,3
347005,1,4
347005,0,5
347005,0,6
347006,1,0
347006,1,1
347006,1,2
347006,1,3
347006,0,4
347006,1,5
347006,1,6
347007,1,0
347007,0,1
347007,0,2
347007,0,3
347007,0,4
347007,0,5
347007,0,6
347008,0,0
347008,1,1
347008,0,2
347008,0,3
347008,0,4
347008,1,5
347008,0,6
347009,0,0
347009,0,1
347009,0,2
347009,0,3
347009,0,4
347009,0,5
347009,1,6
347010,0,0
347010,0,1
347010,0,2
347010,0,3
347010,0,4
347010,0,5
347010,0,6
347011,0,0
347011,0,1
347011,0,2
347011,0,3
347011,0,4
347011,0,5
347011,0,6
347012,0,0
347012,1,1
347012,0,2
347012,0,3
347012,0,4
347012,0,5
347012,1,6
347013,0,0
347013,0,1
347013,0,2
347013,0,3
347013,0,4
347013,1,5
347013,0,6
347014,0,0
347014,0,1
347014,2,2
347014,0,3
347014,0,4
347014,0,5
347014,0,6
347015,0,0
347015,0,1
347015,0,2
347015,0,3
347015,0,4
347015,0,5
347015,0,6
347016,0,0
347016,0,1
347016,0,2
347016,0,3
347016,0,4
347016,0,5
347016,1,6
347017,0,0
347017,2,1
347017,2,2
347017,2,3
347017,1,4
347017,0,5
347017,1,6
347018,0,0
347018,0,1
347018,1,2
347018,0,3
347018,0,4
347018,0,5
347018,0,6
347019,0,0
347019,0,1
347019,1,2
347019,0,3
347019,0,4
347019,0,5
347019,0,6
347020,3,0
347020,1,1
347020,2,2
347020,0,3
347020,0,4
347020,0,5
347020,1,6
347021,0,0
347021,0,1
347021,0,2
347021,1,3
347021,0,4
347021,0,5
347021,0,6
347022,0,0
347022,0,1
347022,2,2
347022,2,3
347022,3,4
347022,2,5
347022,2,6
347023,0,0
347023,0,1
347023,0,2
347023,0,3
347023,0,4
347023,1,5
347023,2,6
347024,0,0
347024,0,1
347024,0,2
347024,0,3
347024,1,4
347024,0,5
347024,0,6
347025,0,0
347025,0,1
347025,0,2
347025,0,3
347025,0,4
347025,0,5
347025,0,6
347026,0,0
347026,0,1
347026,0,2
347026,0,3
347026,0,4
347026,0,5
347026,0,6
347027,0,0
347027,0,1
347027,0,2
347027,0,3
347027,0,4
347027,0,5
347027,1,6
347028,0,0
347028,0,1
347028,0,2
347028,0,3
347028,0,4
347028,0,5
347028,0,6
347029,0,0
347029,0,1
347029,0,2
347029,0,3
347029,0,4
347029,0,5
347029,0,6
347030,0,0
347030,0,1
347030,0,2
347030,0,3
347030,0,4
347030,0,5
347030,1,6
347031,0,0
347031,0,1
347031,0,2
347031,0,3
347031,0,4
347031,0,5
347031,0,6
347032,0,0
347032,0,1
347032,0,2
347032,0,3
347032,0,4
347032,1,5
347032,1,6
347033,0,0
347033,0,1
347033,0,2
347033,0,3
347033,0,4
347033,0,5
347033,0,6
347034,2,0
347034,1,1
347034,1,2
347034,1,3
347034,0,4
347034,2,5
347034,3,6
347035,0,0
347035,0,1
347035,0,2
347035,0,3
347035,0,4
347035,0,5
347035,2,6
347036,0,0
347036,1,1
347036,0,2
347036,0,3
347036,0,4
347036,0,5
347036,1,6
347037,0,0
347037,0,1
347037,0,2
347037,0,3
347037,0,4
347037,0,5
347037,0,6
347038,1,0
347038,1,1
347038,0,2
347038,0,3
347038,0,4
347038,0,5
347038,0,6
347039,0,0
347039,0,1
347039,0,2
347039,1,3
347039,1,4
347039,0,5
347039,0,6
347040,1,0
347040,1,1
347040,0,2
347040,0,3
347040,0,4
347040,0,5
347040,0,6
347041,0,0
347041,0,1
347041,0,2
347041,0,3
347041,1,4
347041,1,5
347041,0,6
347042,0,0
347042,0,1
347042,0,2
347042,1,3
347042,0,4
347042,0,5
347042,0,6
347043,0,0
347043,0,1
347043,0,2
347043,0,3
347043,0,4
347043,0,5
347043,0,6
347044,0,0
347044,0,1
347044,0,2
347044,1,3
347044,0,4
347044,0,5
347044,1,6
347045,0,0
347045,0,1
347045,0,2
347045,0,3
347045,0,4
347045,1,5
347045,0,6
347046,0,0
347046,0,1
347046,0,2
347046,0,3
347046,0,4
347046,0,5
347046,0,6
347047,0,0
347047,0,1
347047,3,2
347047,1,3
347047,1,4
347047,2,5
347047,0,6
347048,0,0
347048,0,1
347048,1,2
347048,0,3
347048,0,4
347048,1,5
347048,1,6
347049,1,0
347049,2,1
347049,1,2
347049,0,3
347049,0,4
347049,0,5
347049,0,6
347050,0,0
347050,0,1
347050,0,2
347050,0,3
347050,0,4
347050,0,5
347050,1,6
347051,4,0
347051,1,1
347051,0,2
347051,1,3
347051,0,4
347051,0,5
347051,1,6
347052,0,0
347052,0,1
347052,0,2
347052,1,3
347052,1,4
347052,0,5
347052,0,6
347053,1,0
347053,1,1
347053,0,2
347053,0,3
347053,2,4
347053,0,5
347053,3,6
347054,2,0
347054,1,1
347054,0,2
347054,2,3
347054,2,4
347054,0,5
347054,1,6
347055,0,0
347055,0,1
347055,0,2
347055,0,3
347055,1,4
347055,1,5
347055,0,6
347056,0,0
347056,0,1
347056,0,2
347056,0,3
347056,0,4
347056,0,5
347056,0,6
347057,1,0
347057,0,1
347057,0,2
347057,2,3
347057,0,4
347057,0,5
347057,0,6
347058,1,0
347058,1,1
347058,1,2
347058,0,3
347058,3,4
347058,1,5
347058,1,6
347059,0,0
347059,0,1
347059,1,2
347059,0,3
347059,0,4
347059,0,5
347059,0,6
347060,0,0
347060,2,1
347060,2,2
347060,2,3
347060,1,4
347060,0,5
347060,3,6
347061,0,0
347061,0,1
347061,0,2
347061,0,3
347061,0,4
347061,0,5
347061,0,6
347062,0,0
347062,0,1
347062,1,2
347062,0,3
347062,0,4
347062,0,5
347062,0,6
347063,1,0
347063,1,1
347063,0,2
347063,2,3
347063,0,4
347063,1,5
347063,0,6
347064,0,0
347064,0,1
347064,0,2
347064,0,3
347064,0,4
347064,2,5
347064,0,6
347065,0,0
347065,0,1
347065,0,2
347065,0,3
347065,1,4
347065,0,5
347065,1,6
347066,0,0
347066,0,1
347066,0,2
347066,0,3
347066,0,4
347066,0,5
347066,0,6
347067,0,0
347067,0,1
347067,0,2
347067,1,3
347067,0,4
347067,0,5
347067,0,6
347068,1,0
347068,1,1
347068,2,2
347068,2,3
347068,3,4
347068,1,5
347068,2,6
347069,0,0
347069,2,1
347069,0,2
347069,0,3
347069,0,4
347069,0,5
347069,0,6
347070,0,0
347070,1,1
347070,2,2
347070,0,3
347070,1,4
347070,0,5
347070,0,6
347071,1,0
347071,1,1
347071,1,2
347071,0,3
347071,0,4
347071,0,5
347071,0,6
347072,0,0
347072,2,1
347072,0,2
347072,3,3
347072,0,4
347072,2,5
347072,3,6
347073,0,0
347073,0,1
347073,0,2
347073,0,3
347073,0,4
347073,0,5
347073,0,6
347074,0,0
347074,0,1
347074,0,2
347074,0,3
347074,0,4
347074,0,5
347074,0,6
347075,0,0
347075,0,1
347075,0,2
347075,0,3
347075,0,4
347075,1,5
347075,0,6
347076,0,0
347076,0,1
347076,0,2
347076,0,3
347076,0,4
347076,0,5
347076,1,6
347077,0,0
347077,1,1
347077,1,2
347077,0,3
347077,1,4
347077,1,5
347077,0,6
347078,0,0
347078,0,1
347078,0,2
347078,0,3
347078,0,4
347078,0,5
347078,0,6
347079,0,0
347079,0,1
347079,0,2
347079,1,3
347079,0,4
347079,0,5
347079,0,6
347080,0,0
347080,0,1
347080,0,2
347080,0,3
347080,0,4
347080,1,5
347080,0,6
347081,0,0
347081,0,1
347081,0,2
347081,0,3
347081,0,4
347081,0,5
347081,0,6
347082,1,0
347082,0,1
347082,0,2
347082,0,3
347082,0,4
347082,0,5
347082,0,6
347083,0,0
347083,1,1
347083,0,2
347083,0,3
347083,1,4
347083,0,5
347083,0,6
347084,0,0
347084,0,1
347084,0,2
347084,0,3
347084,1,4
347084,0,5
347084,0,6
347085,0,0
347085,0,1
347085,0,2
347085,0,3
347085,0,4
347085,0,5
347085,1,6
347086,0,0
347086,1,1
347086,0,2
347086,0,3
347086,0,4
347086,0,5
347086,0,6
347087,0,0
347087,0,1
347087,0,2
347087,1,3
347087,2,4
347087,0,5
347087,2,6
347088,1,0
347088,1,1
347088,0,2
347088,0,3
347088,0,4
347088,0,5
347088,0,6
347089,0,0
347089,0,1
347089,0,2
347089,1,3
347089,0,4
347089,0,5
347089,1,6
347090,1,0
347090,0,1
347090,0,2
347090,0,3
347090,0,4
347090,0,5
347090,1,6
347091,2,0
347091,0,1
347091,1,2
347091,2,3
347091,0,4
347091,1,5
347091,0,6
347092,0,0
347092,0,1
347092,0,2
347092,1,3
347092,0,4
347092,1,5
347092,0,6
347093,0,0
347093,1,1
347093,0,2
347093,0,3
347093,1,4
347093,0,5
347093,0,6
347094,0,0
347094,0,1
347094,0,2
347094,0,3
347094,0,4
347094,1,5
347094,0,6
347095,2,0
347095,1,1
347095,0,2
347095,1,3
347095,0,4
347095,1,5
347095,0,6
347096,0,0
347096,0,1
347096,1,2
347096,0,3
347096,0,4
347096,0,5
347096,0,6
347097,0,0
347097,0,1
347097,1,2
347097,0,3
347097,0,4
347097,0,5
347097,0,6
347098,1,0
347098,0,1
347098,0,2
347098,0,3
347098,0,4
347098,0,5
347098,0,6
347099,0,0
347099,0,1
347099,0,2
347099,0,3
347099,0,4
347099,0,5
347099,1,6
347100,0,0
347100,0,1
347100,0,2
347100,0,3
347100,0,4
347100,0,5
347100,1,6
347101,3,0
347101,0,1
347101,1,2
347101,1,3
347101,2,4
347101,1,5
347101,3,6
347102,0,0
347102,0,1
347102,0,2
347102,0,3
347102,0,4
347102,0,5
347102,1,6
347103,2,0
347103,1,1
347103,1,2
347103,0,3
347103,0,4
347103,3,5
347103,2,6
347104,0,0
347104,0,1
347104,0,2
347104,0,3
347104,1,4
347104,0,5
347104,0,6
347105,0,0
347105,0,1
347105,0,2
347105,2,3
347105,0,4
347105,0,5
347105,1,6
347106,2,0
347106,2,1
347106,0,2
347106,1,3
347106,3,4
347106,2,5
347106,3,6
347107,1,0
347107,0,1
347107,2,2
347107,1,3
347107,0,4
347107,0,5
347107,3,6
347108,0,0
347108,0,1
347108,0,2
347108,0,3
347108,0,4
347108,0,5
347108,0,6
347109,1,0
347109,0,1
347109,0,2
347109,0,3
347109,0,4
347109,0,5
347109,2,6
347110,0,0
347110,0,1
347110,0,2
347110,1,3
347110,1,4
347110,3,5
347110,1,6
347111,3,0
347111,0,1
347111,1,2
347111,1,3
347111,1,4
347111,3,5
347111,2,6
347112,2,0
347112,1,1
347112,0,2
347112,2,3
347112,1,4
347112,1,5
347112,2,6
347113,0,0
347113,0,1
347113,0,2
347113,0,3
347113,0,4
347113,0,5
347113,0,6
347114,0,0
347114,1,1
347114,1,2
347114,0,3
347114,0,4
347114,0,5
347114,0,6
347115,0,0
347115,1,1
347115,1,2
347115,0,3
347115,0,4
347115,0,5
347115,0,6
347116,0,0
347116,0,1
347116,0,2
347116,3,3
347116,0,4
347116,0,5
347116,0,6
347117,0,0
347117,0,1
347117,0,2
347117,0,3
347117,0,4
347117,0,5
347117,0,6
347118,0,0
347118,1,1
347118,0,2
347118,0,3
347118,0,4
347118,1,5
347118,1,6
347119,0,0
347119,0,1
347119,1,2
347119,1,3
347119,0,4
347119,0,5
347119,0,6
347120,0,0
347120,0,1
347120,0,2
347120,2,3
347120,2,4
347120,2,5
347120,0,6
347121,0,0
347121,0,1
347121,1,2
347121,0,3
347121,0,4
347121,0,5
347121,1,6
347122,1,0
347122,0,1
347122,0,2
347122,0,3
347122,0,4
347122,2,5
347122,0,6
347123,1,0
347123,0,1
347123,0,2
347123,0,3
347123,1,4
347123,0,5
347123,1,6
347124,2,0
347124,0,1
347124,0,2
347124,4,3
347124,0,4
347124,4,5
347124,0,6
347125,1,0
347125,2,1
347125,0,2
347125,1,3
347125,1,4
347125,1,5
347125,0,6
347126,0,0
347126,1,1
347126,1,2
347126,1,3
347126,3,4
347126,1,5
347126,2,6
347127,0,0
347127,0,1
347127,0,2
347127,3,3
347127,0,4
347127,0,5
347127,0,6
347128,0,0
347128,0,1
347128,1,2
347128,0,3
347128,1,4
347128,0,5
347128,0,6
347129,0,0
347129,0,1
347129,1,2
347129,0,3
347129,0,4
347129,0,5
347129,0,6
347130,2,0
347130,0,1
347130,0,2
347130,0,3
347130,0,4
347130,0,5
347130,0,6
347131,0,0
347131,0,1
347131,0,2
347131,0,3
347131,0,4
347131,0,5
347131,0,6
347132,0,0
347132,0,1
347132,0,2
347132,0,3
347132,1,4
347132,1,5
347132,0,6
347133,0,0
347133,0,1
347133,0,2
347133,0,3
347133,1,4
347133,0,5
347133,0,6
347134,0,0
347134,0,1
347134,0,2
347134,0,3
347134,0,4
347134,0,5
347134,0,6
347135,0,0
347135,0,1
347135,1,2
347135,0,3
347135,0,4
347135,0,5
347135,0,6
347136,0,0
347136,0,1
347136,0,2
347136,0,3
347136,0,4
347136,1,5
347136,0,6
347137,0,0
347137,0,1
347137,0,2
347137,0,3
347137,0,4
347137,0,5
347137,0,6
347138,1,0
347138,0,1
347138,1,2
347138,1,3
347138,3,4
347138,2,5
347138,1,6
347139,0,0
347139,0,1
347139,0,2
347139,0,3
347139,0,4
347139,0,5
347139,0,6
347140,0,0
347140,0,1
347140,1,2
347140,0,3
347140,0,4
347140,0,5
347140,0,6
347141,0,0
347141,0,1
347141,0,2
347141,0,3
347141,0,4
347141,0,5
347141,1,6
347142,1,0
347142,0,1
347142,0,2
347142,0,3
347142,0,4
347142,0,5
347142,0,6
347143,0,0
347143,0,1
347143,0,2
347143,1,3
347143,1,4
347143,0,5
347143,0,6
347144,0,0
347144,0,1
347144,1,2
347144,0,3
347144,0,4
347144,0,5
347144,0,6
347145,3,0
347145,0,1
347145,0,2
347145,0,3
347145,1,4
347145,3,5
347145,0,6
347146,0,0
347146,0,1
347146,2,2
347146,0,3
347146,1,4
347146,1,5
347146,3,6
347147,0,0
347147,0,1
347147,0,2
347147,0,3
347147,0,4
347147,1,5
347147,0,6
347148,0,0
347148,0,1
347148,0,2
347148,0,3
347148,0,4
347148,0,5
347148,1,6
347149,1,0
347149,0,1
347149,1,2
347149,0,3
347149,0,4
347149,0,5
347149,0,6
347150,0,0
347150,0,1
347150,0,2
347150,0,3
347150,1,4
347150,0,5
347150,0,6
347151,1,0
347151,0,1
347151,1,2
347151,1,3
347151,1,4
347151,0,5
347151,0,6
347152,0,0
347152,0,1
347152,1,2
347152,0,3
347152,0,4
347152,1,5
347152,0,6
347153,0,0
347153,0,1
347153,1,2
347153,0,3
347153,2,4
347153,1,5
347153,3,6
347154,0,0
347154,0,1
347154,0,2
347154,0,3
347154,0,4
347154,0,5
347154,0,6
347155,1,0
347155,1,1
347155,1,2
347155,0,3
347155,2,4
347155,1,5
347155,0,6
347156,0,0
347156,1,1
347156,2,2
347156,0,3
347156,0,4
347156,0,5
347156,1,6
347157,1,0
347157,0,1
347157,0,2
347157,0,3
347157,2,4
347157,0,5
347157,0,6
347158,0,0
347158,0,1
347158,1,2
347158,0,3
347158,0,4
347158,0,5
347158,0,6
347159,0,0
347159,0,1
347159,0,2
347159,0,3
347159,0,4
347159,0,5
347159,0,6
347160,1,0
347160,0,1
347160,1,2
347160,0,3
347160,0,4
347160,0,5
347160,0,6
347161,0,0
347161,0,1
347161,0,2
347161,0,3
347161,0,4
347161,0,5
347161,0,6
347162,1,0
347162,2,1
347162,1,2
347162,2,3
347162,2,4
347162,1,5
347162,1,6
347163,0,0
347163,0,1
347163,0,2
347163,0,3
347163,0,4
347163,0,5
347163,0,6
347164,1,0
347164,0,1
347164,0,2
347164,1,3
347164,0,4
347164,0,5
347164,1,6
347165,0,0
347165,0,1
347165,0,2
347165,1,3
347165,0,4
347165,0,5
347165,1,6
347166,1,0
347166,0,1
347166,1,2
347166,0,3
347166,0,4
347166,0,5
347166,0,6
347167,0,0
347167,1,1
347167,0,2
347167,0,3
347167,1,4
347167,0,5
347167,1,6
347168,1,0
347168,0,1
347168,3,2
347168,1,3
347168,0,4
347168,1,5
347168,1,6
347169,2,0
347169,0,1
347169,4,2
347169,1,3
347169,5,4
347169,1,5
347169,1,6
347170,0,0
347170,0,1
347170,0,2
347170,0,3
347170,0,4
347170,0,5
347170,0,6
347171,0,0
347171,1,1
347171,1,2
347171,1,3
347171,0,4
347171,0,5
347171,3,6
347172,1,0
347172,0,1
347172,0,2
347172,0,3
347172,0,4
347172,0,5
347172,0,6
347173,0,0
347173,2,1
347173,1,2
347173,0,3
347173,3,4
347173,1,5
347173,3,6
347174,0,0
347174,0,1
347174,1,2
347174,0,3
347174,0,4
347174,0,5
347174,0,6
347175,0,0
347175,0,1
347175,0,2
347175,1,3
347175,1,4
347175,0,5
347175,1,6
347176,0,0
347176,0,1
347176,0,2
347176,0,3
347176,0,4
347176,0,5
347176,0,6
347177,1,0
347177,1,1
347177,0,2
347177,0,3
347177,0,4
347177,0,5
347177,0,6
347178,0,0
347178,1,1
347178,0,2
347178,0,3
347178,0,4
347178,0,5
347178,0,6
347179,1,0
347179,1,1
347179,1,2
347179,1,3
347179,0,4
347179,0,5
347179,0,6
347180,0,0
347180,1,1
347180,0,2
347180,1,3
347180,0,4
347180,0,5
347180,0,6
347181,2,0
347181,0,1
347181,0,2
347181,1,3
347181,0,4
347181,0,5
347181,1,6
347182,0,0
347182,0,1
347182,0,2
347182,1,3
347182,0,4
347182,0,5
347182,0,6
347183,0,0
347183,0,1
347183,0,2
347183,0,3
347183,0,4
347183,0,5
347183,1,6
347184,0,0
347184,0,1
347184,0,2
347184,0,3
347184,0,4
347184,1,5
347184,0,6
347185,0,0
347185,0,1
347185,0,2
347185,0,3
347185,0,4
347185,0,5
347185,0,6
347186,0,0
347186,0,1
347186,0,2
347186,0,3
347186,0,4
347186,0,5
347186,0,6
347187,0,0
347187,1,1
347187,0,2
347187,4,3
347187,0,4
347187,1,5
347187,1,6
347188,0,0
347188,0,1
347188,1,2
347188,0,3
347188,0,4
347188,0,5
347188,0,6
347189,1,0
347189,0,1
347189,0,2
347189,0,3
347189,1,4
347189,0,5
347189,0,6
347190,0,0
347190,0,1
347190,0,2
347190,0,3
347190,0,4
347190,0,5
347190,1,6
347191,0,0
347191,0,1
347191,0,2
347191,0,3
347191,0,4
347191,0,5
347191,0,6
347192,0,0
347192,0,1
347192,0,2
347192,0,3
347192,0,4
347192,0,5
347192,0,6
347193,1,0
347193,1,1
347193,0,2
347193,0,3
347193,0,4
347193,2,5
347193,2,6
347194,0,0
347194,1,1
347194,1,2
347194,0,3
347194,0,4
347194,1,5
347194,0,6
347195,0,0
347195,0,1
347195,0,2
347195,0,3
347195,0,4
347195,0,5
347195,0,6
347196,0,0
347196,0,1
347196,1,2
347196,0,3
347196,0,4
347196,0,5
347196,0,6
347197,0,0
347197,0,1
347197,0,2
347197,0,3
347197,0,4
347197,0,5
347197,0,6
347198,0,0
347198,0,1
347198,1,2
347198,0,3
347198,0,4
347198,0,5
347198,0,6
347199,0,0
347199,0,1
347199,0,2
347199,0,3
347199,0,4
347199,0,5
347199,0,6
347200,2,0
347200,0,1
347200,1,2
347200,0,3
347200,1,4
347200,0,5
347200,0,6
347201,1,0
347201,0,1
347201,0,2
347201,0,3
347201,1,4
347201,0,5
347201,0,6
347202,0,0
347202,0,1
347202,0,2
347202,0,3
347202,0,4
347202,0,5
347202,1,6
347203,1,0
347203,2,1
347203,0,2
347203,0,3
347203,1,4
347203,1,5
347203,0,6
347204,0,0
347204,1,1
347204,0,2
347204,0,3
347204,0,4
347204,0,5
347204,0,6
347205,1,0
347205,1,1
347205,0,2
347205,0,3
347205,0,4
347205,1,5
347205,0,6
347206,0,0
347206,0,1
347206,0,2
347206,0,3
347206,0,4
347206,0,5
347206,0,6
347207,0,0
347207,1,1
347207,2,2
347207,0,3
347207,0,4
347207,1,5
347207,0,6
347208,0,0
347208,1,1
347208,0,2
347208,0,3
347208,0,4
347208,1,5
347208,0,6
347209,1,0
347209,1,1
347209,3,2
347209,1,3
347209,1,4
347209,0,5
347209,2,6
347210,0,0
347210,0,1
347210,0,2
347210,0,3
347210,0,4
347210,0,5
347210,0,6
347211,3,0
347211,0,1
347211,2,2
347211,0,3
347211,2,4
347211,1,5
347211,3,6
347212,1,0
347212,2,1
347212,2,2
347212,0,3
347212,1,4
347212,1,5
347212,1,6
347213,0,0
347213,0,1
347213,0,2
347213,0,3
347213,0,4
347213,0,5
347213,0,6
347214,0,0
347214,0,1
347214,1,2
347214,0,3
347214,0,4
347214,0,5
347214,0,6
347215,0,0
347215,3,1
347215,1,2
347215,1,3
347215,1,4
347215,0,5
347215,4,6
347216,0,0
347216,0,1
347216,0,2
347216,0,3
347216,1,4
347216,0,5
347216,0,6
347217,0,0
347217,0,1
347217,0,2
347217,1,3
347217,0,4
347217,0,5
347217,0,6
347218,0,0
347218,0,1
347218,0,2
347218,2,3
347218,0,4
347218,0,5
347218,0,6
347219,0,0
347219,0,1
347219,0,2
347219,0,3
347219,0,4
347219,0,5
347219,0,6
347220,0,0
347220,0,1
347220,0,2
347220,0,3
347220,0,4
347220,1,5
347220,2,6
347221,1,0
347221,0,1
347221,2,2
347221,0,3
347221,0,4
347221,1,5
347221,2,6
347222,0,0
347222,1,1
347222,0,2
347222,0,3
347222,0,4
347222,1,5
347222,1,6
347223,1,0
347223,0,1
347223,0,2
347223,1,3
347223,0,4
347223,0,5
347223,0,6
347224,0,0
347224,1,1
347224,0,2
347224,0,3
347224,0,4
347224,1,5
347224,0,6
347225,0,0
347225,2,1
347225,0,2
347225,0,3
347225,0,4
347225,0,5
347225,1,6
347226,1,0
347226,0,1
347226,0,2
347226,0,3
347226,0,4
347226,0,5
347226,0,6
347227,0,0
347227,0,1
347227,0,2
347227,1,3
347227,0,4
347227,0,5
347227,0,6
347228,1,0
347228,0,1
347228,0,2
347228,1,3
347228,0,4
347228,1,5
347228,0,6
347229,0,0
347229,0,1
347229,0,2
347229,0,3
347229,0,4
347229,0,5
347229,0,6
347230,0,0
347230,0,1
347230,0,2
347230,1,3
347230,1,4
347230,1,5
347230,2,6
347231,0,0
347231,0,1
347231,1,2
347231,0,3
347231,0,4
347231,0,5
347231,0,6
347232,1,0
347232,1,1
347232,0,2
347232,1,3
347232,1,4
347232,2,5
347232,0,6
347233,0,0
347233,0,1
347233,0,2
347233,0,3
347233,0,4
347233,1,5
347233,0,6
347234,1,0
347234,0,1
347234,0,2
347234,0,3
347234,0,4
347234,0,5
347234,1,6
347235,0,0
347235,0,1
347235,0,2
347235,1,3
347235,0,4
347235,0,5
347235,0,6
347236,0,0
347236,1,1
347236,0,2
347236,0,3
347236,3,4
347236,1,5
347236,0,6
347237,0,0
347237,0,1
347237,0,2
347237,0,3
347237,0,4
347237,0,5
347237,0,6
347238,0,0
347238,0,1
347238,0,2
347238,0,3
347238,0,4
347238,0,5
347238,0,6
347239,1,0
347239,0,1
347239,0,2
347239,0,3
347239,0,4
347239,1,5
347239,0,6
347240,0,0
347240,1,1
347240,1,2
347240,0,3
347240,0,4
347240,2,5
347240,1,6
347241,1,0
347241,0,1
347241,0,2
347241,0,3
347241,0,4
347241,0,5
347241,1,6
347242,0,0
347242,0,1
347242,0,2
347242,0,3
347242,0,4
347242,0,5
347242,0,6
347243,0,0
347243,0,1
347243,2,2
347243,1,3
347243,1,4
347243,2,5
347243,1,6
347244,2,0
347244,1,1
347244,0,2
347244,1,3
347244,0,4
347244,0,5
347244,0,6
347245,0,0
347245,1,1
347245,0,2
347245,0,3
347245,0,4
347245,0,5
347245,0,6
347246,0,0
347246,0,1
347246,2,2
347246,0,3
347246,0,4
347246,1,5
347246,1,6
347247,1,0
347247,0,1
347247,2,2
347247,0,3
347247,0,4
347247,0,5
347247,1,6
347248,0,0
347248,0,1
347248,0,2
347248,1,3
347248,0,4
347248,0,5
347248,0,6
347249,3,0
347249,1,1
347249,1,2
347249,1,3
347249,2,4
347249,2,5
347249,1,6
347250,0,0
347250,0,1
347250,1,2
347250,0,3
347250,1,4
347250,0,5
347250,0,6
347251,2,0
347251,0,1
347251,1,2
347251,0,3
347251,0,4
347251,2,5
347251,1,6
347252,0,0
347252,0,1
347252,0,2
347252,0,3
347252,1,4
347252,0,5
347252,0,6
347253,0,0
347253,2,1
347253,1,2
347253,0,3
347253,0,4
347253,0,5
347253,0,6
347254,0,0
347254,2,1
347254,2,2
347254,1,3
347254,1,4
347254,1,5
347254,0,6
347255,0,0
347255,0,1
347255,1,2
347255,0,3
347255,0,4
347255,0,5
347255,0,6
347256,2,0
347256,2,1
347256,2,2
347256,4,3
347256,0,4
347256,3,5
347256,5,6
347257,0,0
347257,0,1
347257,0,2
347257,0,3
347257,0,4
347257,0,5
347257,0,6
347258,0,0
347258,0,1
347258,1,2
347258,1,3
347258,0,4
347258,0,5
347258,0,6
347259,0,0
347259,2,1
347259,1,2
347259,1,3
347259,3,4
347259,1,5
347259,0,6
347260,0,0
347260,0,1
347260,0,2
347260,0,3
347260,0,4
347260,0,5
347260,1,6
347261,0,0
347261,0,1
347261,0,2
347261,0,3
347261,0,4
347261,0,5
347261,0,6
347262,0,0
347262,5,1
347262,2,2
347262,2,3
347262,2,4
347262,1,5
347262,1,6
347263,4,0
347263,1,1
347263,2,2
347263,1,3
347263,2,4
347263,0,5
347263,0,6
347264,0,0
347264,0,1
347264,0,2
347264,0,3
347264,0,4
347264,0,5
347264,0,6
347265,0,0
347265,0,1
347265,0,2
347265,0,3
347265,2,4
347265,0,5
347265,0,6
347266,0,0
347266,0,1
347266,0,2
347266,0,3
347266,0,4
347266,0,5
347266,0,6
347267,0,0
347267,0,1
347267,0,2
347267,0,3
347267,1,4
347267,0,5
347267,0,6
347268,0,0
347268,1,1
347268,0,2
347268,1,3
347268,1,4
347268,1,5
347268,0,6
347269,0,0
347269,0,1
347269,0,2
347269,0,3
347269,1,4
347269,0,5
347269,0,6
347270,0,0
347270,0,1
347270,0,2
347270,1,3
347270,0,4
347270,0,5
347270,0,6
347271,0,0
347271,0,1
347271,0,2
347271,0,3
347271,1,4
347271,0,5
347271,0,6
347272,0,0
347272,0,1
347272,0,2
347272,0,3
347272,0,4
347272,0,5
347272,0,6
347273,0,0
347273,0,1
347273,0,2
347273,0,3
347273,0,4
347273,0,5
347273,0,6
347274,0,0
347274,0,1
347274,0,2
347274,0,3
347274,0,4
347274,0,5
347274,1,6
347275,1,0
347275,1,1
347275,0,2
347275,0,3
347275,1,4
347275,1,5
347275,0,6
347276,0,0
347276,0,1
347276,0,2
347276,1,3
347276,1,4
347276,0,5
347276,0,6
347277,0,0
347277,0,1
347277,0,2
347277,1,3
347277,1,4
347277,0,5
347277,0,6
347278,1,0
347278,1,1
347278,1,2
347278,0,3
347278,1,4
347278,1,5
347278,0,6
347279,1,0
347279,1,1
347279,0,2
347279,2,3
347279,2,4
347279,0,5
347279,0,6
347280,0,0
347280,2,1
347280,0,2
347280,0,3
347280,0,4
347280,0,5
347280,0,6
347281,0,0
347281,0,1
347281,1,2
347281,0,3
347281,0,4
347281,1,5
347281,1,6
347282,3,0
347282,1,1
347282,0,2
347282,0,3
347282,0,4
347282,1,5
347282,3,6
347283,0,0
347283,0,1
347283,1,2
347283,0,3
347283,0,4
347283,1,5
347283,0,6
347284,0,0
347284,0,1
347284,0,2
347284,0,3
347284,0,4
347284,0,5
347284,0,6
347285,0,0
347285,0,1
347285,0,2
347285,0,3
347285,0,4
347285,0,5
347285,1,6
347286,0,0
347286,0,1
347286,0,2
347286,0,3
347286,0,4
347286,1,5
347286,0,6
347287,0,0
347287,0,1
347287,0,2
347287,0,3
347287,0,4
347287,0,5
347287,0,6
347288,0,0
347288,0,1
347288,1,2
347288,0,3
347288,0,4
347288,1,5
347288,1,6
347289,0,0
347289,0,1
347289,0,2
347289,0,3
347289,0,4
347289,0,5
347289,0,6
347290,0,0
347290,0,1
347290,0,2
347290,0,3
347290,0,4
347290,0,5
347290,2,6
347291,1,0
347291,2,1
347291,1,2
347291,4,3
347291,2,4
347291,2,5
347291,0,6
347292,0,0
347292,1,1
347292,0,2
347292,0,3
347292,0,4
347292,0,5
347292,0,6
347293,0,0
347293,0,1
347293,0,2
347293,0,3
347293,0,4
347293,0,5
347293,0,6
347294,1,0
347294,0,1
347294,0,2
347294,0,3
347294,0,4
347294,0,5
347294,0,6
347295,0,0
347295,0,1
347295,2,2
347295,0,3
347295,0,4
347295,2,5
347295,0,6
347296,0,0
347296,0,1
347296,0,2
347296,0,3
347296,1,4
347296,0,5
347296,0,6
347297,0,0
347297,0,1
347297,0,2
347297,0,3
347297,0,4
347297,0,5
347297,0,6
347298,0,0
347298,0,1
347298,0,2
347298,0,3
347298,0,4
347298,0,5
347298,0,6
347299,0,0
347299,0,1
347299,0,2
347299,0,3
347299,0,4
347299,0,5
347299,0,6
347300,1,0
347300,0,1
347300,0,2
347300,0,3
347300,0,4
347300,0,5
347300,0,6
347301,0,0
347301,0,1
347301,0,2
347301,0,3
347301,0,4
347301,0,5
347301,1,6
347302,0,0
347302,0,1
347302,0,2
347302,0,3
347302,0,4
347302,0,5
347302,0,6
347303,0,0
347303,0,1
347303,0,2
347303,0,3
347303,0,4
347303,0,5
347303,0,6
347304,0,0
347304,0,1
347304,0,2
347304,1,3
347304,0,4
347304,0,5
347304,0,6
347305,0,0
347305,0,1
347305,0,2
347305,0,3
347305,0,4
347305,0,5
347305,0,6
347306,1,0
347306,2,1
347306,0,2
347306,1,3
347306,3,4
347306,4,5
347306,1,6
347307,1,0
347307,0,1
347307,0,2
347307,0,3
347307,1,4
347307,0,5
347307,0,6
347308,0,0
347308,1,1
347308,0,2
347308,0,3
347308,0,4
347308,2,5
347308,0,6
347309,0,0
347309,0,1
347309,0,2
347309,0,3
347309,0,4
347309,1,5
347309,0,6
347310,0,0
347310,0,1
347310,0,2
347310,0,3
347310,0,4
347310,0,5
347310,0,6
347311,1,0
347311,0,1
347311,1,2
347311,0,3
347311,0,4
347311,0,5
347311,0,6
347312,1,0
347312,1,1
347312,1,2
347312,0,3
347312,0,4
347312,2,5
347312,1,6
347313,1,0
347313,0,1
347313,1,2
347313,2,3
347313,1,4
347313,2,5
347313,0,6
347314,2,0
347314,0,1
347314,0,2
347314,1,3
347314,2,4
347314,1,5
347314,2,6
347315,0,0
347315,0,1
347315,0,2
347315,0,3
347315,1,4
347315,0,5
347315,0,6
347316,1,0
347316,0,1
347316,0,2
347316,0,3
347316,1,4
347316,0,5
347316,1,6
347317,0,0
347317,2,1
347317,1,2
347317,0,3
347317,4,4
347317,2,5
347317,2,6
347318,1,0
347318,1,1
347318,1,2
347318,0,3
347318,1,4
347318,0,5
347318,2,6
347319,0,0
347319,1,1
347319,0,2
347319,0,3
347319,1,4
347319,0,5
347319,1,6
347320,0,0
347320,0,1
347320,1,2
347320,0,3
347320,0,4
347320,0,5
347320,0,6
347321,1,0
347321,0,1
347321,0,2
347321,0,3
347321,0,4
347321,0,5
347321,0,6
347322,0,0
347322,0,1
347322,0,2
347322,0,3
347322,1,4
347322,0,5
347322,1,6
347323,0,0
347323,0,1
347323,0,2
347323,0,3
347323,0,4
347323,0,5
347323,0,6
347324,0,0
347324,0,1
347324,1,2
347324,1,3
347324,0,4
347324,1,5
347324,2,6
347325,1,0
347325,1,1
347325,0,2
347325,0,3
347325,0,4
347325,1,5
347325,0,6
347326,0,0
347326,1,1
347326,4,2
347326,1,3
347326,2,4
347326,1,5
347326,0,6
347327,1,0
347327,0,1
347327,0,2
347327,0,3
347327,0,4
347327,0,5
347327,0,6
347328,0,0
347328,0,1
347328,0,2
347328,0,3
347328,0,4
347328,2,5
347328,0,6
347329,0,0
347329,0,1
347329,0,2
347329,0,3
347329,0,4
347329,1,5
347329,0,6
347330,0,0
347330,1,1
347330,0,2
347330,0,3
347330,0,4
347330,0,5
347330,0,6
347331,0,0
347331,0,1
347331,0,2
347331,0,3
347331,0,4
347331,0,5
347331,0,6
347332,0,0
347332,0,1
347332,0,2
347332,0,3
347332,0,4
347332,0,5
347332,0,6
347333,0,0
347333,1,1
347333,0,2
347333,0,3
347333,1,4
347333,0,5
347333,0,6
347334,1,0
347334,2,1
347334,1,2
347334,0,3
347334,0,4
347334,0,5
347334,0,6
347335,0,0
347335,0,1
347335,0,2
347335,0,3
347335,0,4
347335,0,5
347335,0,6
347336,1,0
347336,1,1
347336,0,2
347336,2,3
347336,0,4
347336,0,5
347336,0,6
347337,1,0
347337,2,1
347337,4,2
347337,1,3
347337,0,4
347337,2,5
347337,1,6
347338,2,0
347338,4,1
347338,2,2
347338,2,3
347338,1,4
347338,2,5
347338,2,6
347339,0,0
347339,0,1
347339,0,2
347339,0,3
347339,0,4
347339,0,5
347339,0,6
347340,1,0
347340,0,1
347340,0,2
347340,0,3
347340,0,4
347340,0,5
347340,0,6
347341,0,0
347341,0,1
347341,0,2
347341,1,3
347341,0,4
347341,0,5
347341,0,6
347342,0,0
347342,0,1
347342,0,2
347342,0,3
347342,0,4
347342,0,5
347342,0,6
347343,2,0
347343,3,1
347343,1,2
347343,0,3
347343,0,4
347343,2,5
347343,3,6
347344,0,0
347344,0,1
347344,0,2
347344,0,3
347344,0,4
347344,0,5
347344,0,6
347345,0,0
347345,1,1
347345,0,2
347345,1,3
347345,0,4
347345,0,5
347345,0,6
347346,0,0
347346,1,1
347346,0,2
347346,0,3
347346,0,4
347346,1,5
347346,0,6
347347,0,0
347347,0,1
347347,0,2
347347,0,3
347347,0,4
347347,0,5
347347,0,6
347348,0,0
347348,0,1
347348,1,2
347348,0,3
347348,1,4
347348,0,5
347348,0,6
347349,0,0
347349,0,1
347349,0,2
347349,0,3
347349,0,4
347349,1,5
347349,0,6
347350,1,0
347350,1,1
347350,0,2
347350,0,3
347350,3,4
347350,0,5
347350,0,6
347351,0,0
347351,0,1
347351,0,2
347351,0,3
347351,0,4
347351,0,5
347351,0,6
347352,0,0
347352,0,1
347352,0,2
347352,0,3
347352,1,4
347352,0,5
347352,0,6
347353,0,0
347353,0,1
347353,1,2
347353,1,3
347353,0,4
347353,1,5
347353,0,6
347354,0,0
347354,0,1
347354,0,2
347354,0,3
347354,0,4
347354,0,5
347354,0,6
347355,0,0
347355,0,1
347355,0,2
347355,0,3
347355,1,4
347355,0,5
347355,0,6
347356,1,0
347356,1,1
347356,0,2
347356,0,3
347356,1,4
347356,1,5
347356,0,6
347357,1,0
347357,0,1
347357,0,2
347357,1,3
347357,0,4
347357,2,5
347357,0,6
347358,0,0
347358,0,1
347358,1,2
347358,2,3
347358,1,4
347358,1,5
347358,0,6
347359,1,0
347359,2,1
347359,1,2
347359,1,3
347359,1,4
347359,2,5
347359,1,6
347360,0,0
347360,1,1
347360,0,2
347360,0,3
347360,0,4
347360,0,5
347360,0,6
347361,1,0
347361,0,1
347361,0,2
347361,0,3
347361,1,4
347361,0,5
347361,0,6
347362,1,0
347362,2,1
347362,1,2
347362,1,3
347362,1,4
347362,1,5
347362,1,6
347363,0,0
347363,0,1
347363,1,2
347363,2,3
347363,0,4
347363,0,5
347363,0,6
347364,2,0
347364,3,1
347364,1,2
347364,2,3
347364,2,4
347364,1,5
347364,0,6
347365,0,0
347365,0,1
347365,0,2
347365,0,3
347365,0,4
347365,0,5
347365,0,6
347366,0,0
347366,0,1
347366,0,2
347366,1,3
347366,1,4
347366,0,5
347366,0,6
347367,0,0
347367,0,1
347367,0,2
347367,0,3
347367,0,4
347367,0,5
347367,0,6
347368,0,0
347368,0,1
347368,0,2
347368,0,3
347368,1,4
347368,0,5
347368,1,6
347369,0,0
347369,0,1
347369,2,2
347369,0,3
347369,1,4
347369,1,5
347369,0,6
347370,0,0
347370,0,1
347370,0,2
347370,0,3
347370,1,4
347370,0,5
347370,0,6
347371,0,0
347371,0,1
347371,1,2
347371,0,3
347371,0,4
347371,0,5
347371,0,6
347372,0,0
347372,0,1
347372,0,2
347372,0,3
347372,0,4
347372,1,5
347372,0,6
347373,1,0
347373,0,1
347373,1,2
347373,0,3
347373,2,4
347373,2,5
347373,1,6
347374,0,0
347374,0,1
347374,0,2
347374,0,3
347374,0,4
347374,0,5
347374,0,6
347375,0,0
347375,0,1
347375,0,2
347375,0,3
347375,0,4
347375,1,5
347375,0,6
347376,1,0
347376,2,1
347376,0,2
347376,0,3
347376,1,4
347376,1,5
347376,0,6
347377,0,0
347377,0,1
347377,1,2
347377,0,3
347377,0,4
347377,0,5
347377,0,6
347378,0,0
347378,0,1
347378,0,2
347378,0,3
347378,2,4
347378,1,5
347378,0,6
347379,0,0
347379,0,1
347379,0,2
347379,0,3
347379,0,4
347379,0,5
347379,0,6
347380,0,0
347380,1,1
347380,0,2
347380,1,3
347380,0,4
347380,0,5
347380,0,6
347381,0,0
347381,0,1
347381,1,2
347381,0,3
347381,1,4
347381,0,5
347381,0,6
347382,0,0
347382,0,1
347382,0,2
347382,0,3
347382,0,4
347382,0,5
347382,0,6
347383,0,0
347383,0,1
347383,0,2
347383,1,3
347383,0,4
347383,0,5
347383,1,6
347384,0,0
347384,0,1
347384,0,2
347384,0,3
347384,0,4
347384,0,5
347384,0,6
347385,0,0
347385,0,1
347385,0,2
347385,0,3
347385,0,4
347385,1,5
347385,0,6
347386,0,0
347386,0,1
347386,0,2
347386,0,3
347386,0,4
347386,0,5
347386,0,6
347387,0,0
347387,0,1
347387,1,2
347387,0,3
347387,0,4
347387,0,5
347387,0,6
347388,0,0
347388,1,1
347388,0,2
347388,0,3
347388,0,4
347388,0,5
347388,1,6
347389,0,0
347389,1,1
347389,1,2
347389,0,3
347389,0,4
347389,0,5
347389,0,6
347390,0,0
347390,0,1
347390,0,2
347390,1,3
347390,0,4
347390,0,5
347390,0,6
347391,0,0
347391,0,1
347391,0,2
347391,0,3
347391,1,4
347391,1,5
347391,0,6
347392,0,0
347392,1,1
347392,0,2
347392,0,3
347392,0,4
347392,0,5
347392,1,6
347393,0,0
347393,0,1
347393,0,2
347393,0,3
347393,1,4
347393,0,5
347393,0,6
347394,0,0
347394,0,1
347394,1,2
347394,0,3
347394,0,4
347394,0,5
347394,0,6
347395,1,0
347395,0,1
347395,0,2
347395,0,3
347395,1,4
347395,0,5
347395,1,6
347396,1,0
347396,0,1
347396,0,2
347396,2,3
347396,0,4
347396,1,5
347396,0,6
347397,0,0
347397,0,1
347397,1,2
347397,1,3
347397,0,4
347397,0,5
347397,0,6
347398,0,0
347398,0,1
347398,0,2
347398,0,3
347398,0,4
347398,0,5
347398,0,6
347399,4,0
347399,2,1
347399,2,2
347399,1,3
347399,1,4
347399,1,5
347399,2,6
347400,0,0
347400,1,1
347400,0,2
347400,1,3
347400,0,4
347400,0,5
347400,1,6
347401,1,0
347401,1,1
347401,0,2
347401,1,3
347401,0,4
347401,1,5
347401,0,6
347402,0,0
347402,0,1
347402,2,2
347402,0,3
347402,0,4
347402,1,5
347402,0,6
347403,0,0
347403,1,1
347403,0,2
347403,0,3
347403,0,4
347403,0,5
347403,0,6
347404,0,0
347404,0,1
347404,0,2
347404,0,3
347404,1,4
347404,1,5
347404,0,6
347405,1,0
347405,0,1
347405,2,2
347405,1,3
347405,2,4
347405,1,5
347405,0,6
347406,0,0
347406,0,1
347406,0,2
347406,0,3
347406,0,4
347406,0,5
347406,0,6
347407,0,0
347407,0,1
347407,0,2
347407,0,3
347407,1,4
347407,1,5
347407,0,6
347408,0,0
347408,0,1
347408,0,2
347408,0,3
347408,0,4
347408,1,5
347408,0,6
347409,0,0
347409,0,1
347409,0,2
347409,1,3
347409,1,4
347409,0,5
347409,0,6
347410,0,0
347410,0,1
347410,0,2
347410,0,3
347410,0,4
347410,0,5
347410,0,6
347411,0,0
347411,1,1
347411,0,2
347411,0,3
347411,0,4
347411,2,5
347411,2,6
347412,1,0
347412,0,1
347412,0,2
347412,0,3
347412,0,4
347412,0,5
347412,0,6
347413,1,0
347413,0,1
347413,0,2
347413,0,3
347413,0,4
347413,0,5
347413,1,6
347414,1,0
347414,0,1
347414,0,2
347414,0,3
347414,0,4
347414,0,5
347414,0,6
347415,1,0
347415,1,1
347415,1,2
347415,0,3
347415,0,4
347415,0,5
347415,0,6
347416,0,0
347416,0,1
347416,1,2
347416,1,3
347416,0,4
347416,0,5
347416,0,6
347417,0,0
347417,0,1
347417,1,2
347417,0,3
347417,0,4
347417,1,5
347417,1,6
347418,0,0
347418,0,1
347418,0,2
347418,0,3
347418,0,4
347418,0,5
347418,0,6
347419,0,0
347419,0,1
347419,0,2
347419,0,3
347419,0,4
347419,0,5
347419,0,6
347420,0,0
347420,0,1
347420,0,2
347420,0,3
347420,1,4
347420,0,5
347420,0,6
347421,1,0
347421,2,1
347421,3,2
347421,1,3
347421,1,4
347421,0,5
347421,1,6
347422,0,0
347422,0,1
347422,0,2
347422,0,3
347422,0,4
347422,0,5
347422,0,6
347423,1,0
347423,1,1
347423,0,2
347423,0,3
347423,0,4
347423,0,5
347423,0,6
347424,1,0
347424,0,1
347424,1,2
347424,0,3
347424,0,4
347424,1,5
347424,1,6
347425,0,0
347425,0,1
347425,0,2
347425,1,3
347425,0,4
347425,0,5
347425,0,6
347426,0,0
347426,0,1
347426,1,2
347426,0,3
347426,0,4
347426,0,5
347426,0,6
347427,0,0
347427,0,1
347427,0,2
347427,0,3
347427,0,4
347427,0,5
347427,0,6
347428,0,0
347428,0,1
347428,0,2
347428,0,3
347428,0,4
347428,0,5
347428,0,6
347429,0,0
347429,0,1
347429,0,2
347429,0,3
347429,0,4
347429,1,5
347429,0,6
347430,3,0
347430,1,1
347430,0,2
347430,0,3
347430,1,4
347430,1,5
347430,0,6
347431,1,0
347431,1,1
347431,0,2
347431,1,3
347431,0,4
347431,2,5
347431,2,6
347432,0,0
347432,0,1
347432,0,2
347432,0,3
347432,0,4
347432,1,5
347432,0,6
347433,1,0
347433,0,1
347433,0,2
347433,0,3
347433,1,4
347433,0,5
347433,0,6
347434,0,0
347434,0,1
347434,0,2
347434,0,3
347434,0,4
347434,0,5
347434,0,6
347435,0,0
347435,0,1
347435,0,2
347435,2,3
347435,0,4
347435,1,5
347435,2,6
347436,0,0
347436,0,1
347436,0,2
347436,0,3
347436,0,4
347436,0,5
347436,1,6
347437,0,0
347437,0,1
347437,1,2
347437,0,3
347437,1,4
347437,0,5
347437,1,6
347438,0,0
347438,0,1
347438,1,2
347438,0,3
347438,0,4
347438,1,5
347438,0,6
347439,0,0
347439,0,1
347439,0,2
347439,0,3
347439,1,4
347439,0,5
347439,0,6
347440,0,0
347440,0,1
347440,0,2
347440,0,3
347440,0,4
347440,0,5
347440,0,6
347441,0,0
347441,0,1
347441,0,2
347441,0,3
347441,0,4
347441,1,5
347441,0,6
347442,0,0
347442,1,1
347442,1,2
347442,0,3
347442,0,4
347442,0,5
347442,0,6
347443,0,0
347443,0,1
347443,1,2
347443,2,3
347443,0,4
347443,0,5
347443,0,6
347444,1,0
347444,0,1
347444,0,2
347444,0,3
347444,0,4
347444,0,5
347444,0,6
347445,0,0
347445,1,1
347445,0,2
347445,0,3
347445,0,4
347445,0,5
347445,0,6
347446,1,0
347446,0,1
347446,0,2
347446,0,3
347446,0,4
347446,0,5
347446,0,6
347447,0,0
347447,2,1
347447,0,2
347447,2,3
347447,0,4
347447,4,5
347447,0,6
347448,0,0
347448,1,1
347448,0,2
347448,0,3
347448,0,4
347448,0,5
347448,0,6
347449,0,0
347449,0,1
347449,0,2
347449,0,3
347449,0,4
347449,0,5
347449,0,6
347450,2,0
347450,0,1
347450,0,2
347450,0,3
347450,0,4
347450,0,5
347450,1,6
347451,0,0
347451,0,1
347451,0,2
347451,1,3
347451,0,4
347451,0,5
347451,1,6
347452,1,0
347452,0,1
347452,0,2
347452,2,3
347452,1,4
347452,1,5
347452,2,6
347453,0,0
347453,0,1
347453,0,2
347453,0,3
347453,0,4
347453,0,5
347453,0,6
347454,0,0
347454,0,1
347454,0,2
347454,0,3
347454,0,4
347454,0,5
347454,0,6
347455,0,0
347455,0,1
347455,1,2
347455,0,3
347455,1,4
347455,0,5
347455,1,6
347456,1,0
347456,0,1
347456,3,2
347456,0,3
347456,2,4
347456,0,5
347456,3,6
347457,0,0
347457,0,1
347457,0,2
347457,0,3
347457,0,4
347457,0,5
347457,1,6
347458,0,0
347458,0,1
347458,0,2
347458,0,3
347458,0,4
347458,0,5
347458,0,6
347459,4,0
347459,1,1
347459,1,2
347459,1,3
347459,1,4
347459,1,5
347459,1,6
347460,0,0
347460,0,1
347460,0,2
347460,0,3
347460,0,4
347460,0,5
347460,0,6
347461,1,0
347461,0,1
347461,0,2
347461,0,3
347461,0,4
347461,1,5
347461,1,6
347462,0,0
347462,0,1
347462,1,2
347462,0,3
347462,1,4
347462,0,5
347462,0,6
347463,0,0
347463,0,1
347463,0,2
347463,0,3
347463,0,4
347463,0,5
347463,0,6
347464,0,0
347464,4,1
347464,2,2
347464,1,3
347464,2,4
347464,1,5
347464,1,6
347465,0,0
347465,0,1
347465,1,2
347465,0,3
347465,0,4
347465,0,5
347465,1,6
347466,0,0
347466,0,1
347466,0,2
347466,0,3
347466,0,4
347466,0,5
347466,0,6
347467,0,0
347467,0,1
347467,0,2
347467,1,3
347467,0,4
347467,0,5
347467,0,6
347468,1,0
347468,1,1
347468,1,2
347468,0,3
347468,1,4
347468,2,5
347468,0,6
347469,5,0
347469,0,1
347469,1,2
347469,2,3
347469,1,4
347469,1,5
347469,3,6
347470,2,0
347470,1,1
347470,4,2
347470,2,3
347470,2,4
347470,0,5
347470,1,6
347471,0,0
347471,0,1
347471,0,2
347471,0,3
347471,0,4
347471,0,5
347471,0,6
347472,0,0
347472,0,1
347472,0,2
347472,0,3
347472,0,4
347472,0,5
347472,0,6
347473,1,0
347473,1,1
347473,0,2
347473,0,3
347473,0,4
347473,0,5
347473,0,6
347474,0,0
347474,2,1
347474,0,2
347474,0,3
347474,0,4
347474,2,5
347474,0,6
347475,0,0
347475,0,1
347475,0,2
347475,0,3
347475,1,4
347475,0,5
347475,1,6
347476,0,0
347476,0,1
347476,0,2
347476,0,3
347476,1,4
347476,0,5
347476,0,6
347477,4,0
347477,1,1
347477,2,2
347477,0,3
347477,1,4
347477,1,5
347477,2,6
347478,0,0
347478,0,1
347478,0,2
347478,0,3
347478,1,4
347478,0,5
347478,0,6
347479,0,0
347479,1,1
347479,0,2
347479,0,3
347479,0,4
347479,0,5
347479,0,6
347480,0,0
347480,0,1
347480,0,2
347480,0,3
347480,0,4
347480,0,5
347480,0,6
347481,0,0
347481,0,1
347481,1,2
347481,2,3
347481,0,4
347481,1,5
347481,1,6
347482,0,0
347482,1,1
347482,0,2
347482,0,3
347482,0,4
347482,0,5
347482,0,6
347483,0,0
347483,0,1
347483,0,2
347483,0,3
347483,0,4
347483,0,5
347483,0,6
347484,0,0
347484,0,1
347484,0,2
347484,1,3
347484,0,4
347484,0,5
347484,0,6
347485,0,0
347485,0,1
347485,2,2
347485,2,3
347485,4,4
347485,2,5
347485,0,6
347486,0,0
347486,0,1
347486,1,2
347486,0,3
347486,0,4
347486,0,5
347486,0,6
347487,0,0
347487,0,1
347487,0,2
347487,0,3
347487,0,4
347487,1,5
347487,0,6
347488,0,0
347488,2,1
347488,0,2
347488,0,3
347488,0,4
347488,0,5
347488,0,6
347489,1,0
347489,0,1
347489,0,2
347489,0,3
347489,0,4
347489,0,5
347489,0,6
347490,0,0
347490,0,1
347490,0,2
347490,0,3
347490,0,4
347490,1,5
347490,0,6
347491,0,0
347491,1,1
347491,1,2
347491,1,3
347491,1,4
347491,1,5
347491,0,6
347492,1,0
347492,0,1
347492,2,2
347492,0,3
347492,2,4
347492,0,5
347492,0,6
347493,1,0
347493,0,1
347493,1,2
347493,0,3
347493,0,4
347493,2,5
347493,1,6
347494,0,0
347494,0,1
347494,0,2
347494,1,3
347494,0,4
347494,1,5
347494,0,6
347495,0,0
347495,0,1
347495,0,2
347495,0,3
347495,0,4
347495,0,5
347495,0,6
347496,0,0
347496,1,1
347496,0,2
347496,0,3
347496,0,4
347496,0,5
347496,0,6
347497,1,0
347497,0,1
347497,0,2
347497,0,3
347497,0,4
347497,0,5
347497,0,6
347498,0,0
347498,0,1
347498,0,2
347498,0,3
347498,0,4
347498,2,5
347498,0,6
347499,0,0
347499,0,1
347499,0,2
347499,0,3
347499,1,4
347499,0,5
347499,0,6
347500,0,0
347500,0,1
347500,0,2
347500,0,3
347500,0,4
347500,0,5
347500,0,6
347501,0,0
347501,0,1
347501,0,2
347501,0,3
347501,0,4
347501,0,5
347501,0,6
347502,0,0
347502,0,1
347502,0,2
347502,0,3
347502,0,4
347502,0,5
347502,0,6
347503,0,0
347503,0,1
347503,0,2
347503,1,3
347503,2,4
347503,0,5
347503,0,6
347504,1,0
347504,1,1
347504,1,2
347504,1,3
347504,0,4
347504,0,5
347504,0,6
347505,0,0
347505,0,1
347505,0,2
347505,0,3
347505,0,4
347505,0,5
347505,0,6
347506,0,0
347506,0,1
347506,0,2
347506,0,3
347506,0,4
347506,0,5
347506,0,6
347507,0,0
347507,0,1
347507,1,2
347507,0,3
347507,1,4
347507,0,5
347507,0,6
347508,2,0
347508,1,1
347508,0,2
347508,0,3
347508,0,4
347508,0,5
347508,0,6
347509,0,0
347509,0,1
347509,0,2
347509,1,3
347509,0,4
347509,0,5
347509,0,6
347510,0,0
347510,1,1
347510,0,2
347510,1,3
347510,1,4
347510,0,5
347510,0,6
347511,1,0
347511,0,1
347511,0,2
347511,1,3
347511,0,4
347511,0,5
347511,0,6
347512,0,0
347512,0,1
347512,0,2
347512,0,3
347512,0,4
347512,0,5
347512,0,6
347513,0,0
347513,0,1
347513,0,2
347513,0,3
347513,0,4
347513,1,5
347513,1,6
347514,3,0
347514,2,1
347514,2,2
347514,0,3
347514,1,4
347514,2,5
347514,0,6
347515,0,0
347515,0,1
347515,0,2
347515,1,3
347515,0,4
347515,0,5
347515,0,6
347516,0,0
347516,0,1
347516,0,2
347516,0,3
347516,0,4
347516,0,5
347516,0,6
347517,0,0
347517,0,1
347517,0,2
347517,0,3
347517,0,4
347517,0,5
347517,0,6
347518,0,0
347518,0,1
347518,0,2
347518,1,3
347518,2,4
347518,1,5
347518,0,6
347519,0,0
347519,0,1
347519,0,2
347519,0,3
347519,0,4
347519,0,5
347519,0,6
347520,1,0
347520,0,1
347520,0,2
347520,0,3
347520,0,4
347520,0,5
347520,0,6
347521,0,0
347521,0,1
347521,0,2
347521,0,3
347521,1,4
347521,0,5
347521,0,6
347522,0,0
347522,0,1
347522,2,2
347522,0,3
347522,0,4
347522,1,5
347522,0,6
347523,2,0
347523,1,1
347523,1,2
347523,2,3
347523,0,4
347523,1,5
347523,1,6
347524,0,0
347524,0,1
347524,0,2
347524,0,3
347524,0,4
347524,0,5
347524,1,6
347525,0,0
347525,0,1
347525,0,2
347525,1,3
347525,0,4
347525,0,5
347525,0,6
347526,0,0
347526,0,1
347526,0,2
347526,0,3
347526,0,4
347526,0,5
347526,0,6
347527,0,0
347527,1,1
347527,0,2
347527,0,3
347527,1,4
347527,0,5
347527,0,6
347528,0,0
347528,0,1
347528,1,2
347528,0,3
347528,0,4
347528,1,5
347528,1,6
347529,2,0
347529,0,1
347529,1,2
347529,1,3
347529,0,4
347529,0,5
347529,1,6
347530,0,0
347530,0,1
347530,0,2
347530,0,3
347530,0,4
347530,0,5
347530,0,6
347531,0,0
347531,0,1
347531,0,2
347531,0,3
347531,0,4
347531,1,5
347531,0,6
347532,0,0
347532,0,1
347532,0,2
347532,0,3
347532,0,4
347532,0,5
347532,0,6
347533,1,0
347533,1,1
347533,0,2
347533,1,3
347533,0,4
347533,0,5
347533,0,6
347534,0,0
347534,0,1
347534,0,2
347534,0,3
347534,1,4
347534,0,5
347534,0,6
347535,0,0
347535,0,1
347535,0,2
347535,0,3
347535,0,4
347535,0,5
347535,0,6
347536,0,0
347536,0,1
347536,0,2
347536,0,3
347536,0,4
347536,0,5
347536,0,6
347537,0,0
347537,0,1
347537,1,2
347537,1,3
347537,0,4
347537,0,5
347537,0,6
347538,2,0
347538,0,1
347538,0,2
347538,0,3
347538,0,4
347538,0,5
347538,0,6
347539,1,0
347539,2,1
347539,1,2
347539,5,3
347539,0,4
347539,2,5
347539,0,6
347540,0,0
347540,0,1
347540,0,2
347540,0,3
347540,0,4
347540,0,5
347540,0,6
347541,0,0
347541,0,1
347541,1,2
347541,0,3
347541,0,4
347541,0,5
347541,0,6
347542,0,0
347542,0,1
347542,0,2
347542,0,3
347542,0,4
347542,0,5
347542,0,6
347543,0,0
347543,0,1
347543,0,2
347543,0,3
347543,0,4
347543,0,5
347543,0,6
347544,0,0
347544,0,1
347544,1,2
347544,1,3
347544,0,4
347544,0,5
347544,0,6
347545,1,0
347545,0,1
347545,0,2
347545,0,3
347545,0,4
347545,0,5
347545,0,6
347546,0,0
347546,0,1
347546,0,2
347546,0,3
347546,0,4
347546,1,5
347546,0,6
347547,1,0
347547,0,1
347547,0,2
347547,0,3
347547,0,4
347547,0,5
347547,0,6
347548,0,0
347548,1,1
347548,0,2
347548,0,3
347548,0,4
347548,0,5
347548,1,6
347549,1,0
347549,2,1
347549,0,2
347549,0,3
347549,1,4
347549,1,5
347549,1,6
347550,3,0
347550,0,1
347550,1,2
347550,2,3
347550,1,4
347550,1,5
347550,1,6
347551,0,0
347551,0,1
347551,0,2
347551,0,3
347551,2,4
347551,1,5
347551,0,6
347552,0,0
347552,0,1
347552,1,2
347552,0,3
347552,0,4
347552,0,5
347552,0,6
347553,0,0
347553,0,1
347553,1,2
347553,0,3
347553,0,4
347553,0,5
347553,0,6
347554,1,0
347554,0,1
347554,0,2
347554,0,3
347554,0,4
347554,0,5
347554,0,6
347555,0,0
347555,0,1
347555,0,2
347555,1,3
347555,0,4
347555,1,5
347555,0,6
347556,1,0
347556,2,1
347556,1,2
347556,0,3
347556,1,4
347556,0,5
347556,0,6
347557,0,0
347557,1,1
347557,1,2
347557,0,3
347557,0,4
347557,2,5
347557,0,6
347558,0,0
347558,0,1
347558,0,2
347558,0,3
347558,0,4
347558,0,5
347558,0,6
347559,0,0
347559,0,1
347559,1,2
347559,0,3
347559,1,4
347559,1,5
347559,0,6
347560,0,0
347560,0,1
347560,0,2
347560,0,3
347560,0,4
347560,1,5
347560,0,6
347561,0,0
347561,0,1
347561,0,2
347561,1,3
347561,0,4
347561,0,5
347561,0,6
347562,0,0
347562,0,1
347562,0,2
347562,0,3
347562,0,4
347562,0,5
347562,0,6
347563,0,0
347563,0,1
347563,0,2
347563,0,3
347563,0,4
347563,0,5
347563,0,6
347564,0,0
347564,1,1
347564,0,2
347564,1,3
347564,0,4
347564,0,5
347564,0,6
347565,1,0
347565,0,1
347565,0,2
347565,0,3
347565,0,4
347565,0,5
347565,0,6
347566,0,0
347566,0,1
347566,0,2
347566,0,3
347566,0,4
347566,0,5
347566,0,6
347567,1,0
347567,0,1
347567,0,2
347567,0,3
347567,0,4
347567,2,5
347567,0,6
347568,0,0
347568,0,1
347568,0,2
347568,0,3
347568,0,4
347568,0,5
347568,0,6
347569,2,0
347569,0,1
347569,0,2
347569,0,3
347569,0,4
347569,0,5
347569,0,6
347570,0,0
347570,1,1
347570,1,2
347570,0,3
347570,0,4
347570,0,5
347570,0,6
347571,0,0
347571,1,1
347571,1,2
347571,0,3
347571,0,4
347571,0,5
347571,0,6
347572,2,0
347572,1,1
347572,0,2
347572,1,3
347572,0,4
347572,2,5
347572,1,6
347573,0,0
347573,0,1
347573,0,2
347573,0,3
347573,0,4
347573,0,5
347573,0,6
347574,2,0
347574,0,1
347574,0,2
347574,1,3
347574,0,4
347574,1,5
347574,0,6
347575,1,0
347575,0,1
347575,0,2
347575,0,3
347575,0,4
347575,0,5
347575,1,6
347576,0,0
347576,1,1
347576,1,2
347576,0,3
347576,2,4
347576,3,5
347576,3,6
347577,0,0
347577,0,1
347577,0,2
347577,0,3
347577,0,4
347577,0,5
347577,1,6
347578,0,0
347578,0,1
347578,0,2
347578,0,3
347578,0,4
347578,0,5
347578,0,6
347579,0,0
347579,0,1
347579,2,2
347579,1,3
347579,0,4
347579,1,5
347579,1,6
347580,0,0
347580,0,1
347580,0,2
347580,0,3
347580,0,4
347580,0,5
347580,1,6
347581,1,0
347581,0,1
347581,0,2
347581,0,3
347581,0,4
347581,0,5
347581,0,6
347582,0,0
347582,0,1
347582,0,2
347582,0,3
347582,0,4
347582,0,5
347582,0,6
347583,1,0
347583,0,1
347583,0,2
347583,1,3
347583,2,4
347583,0,5
347583,3,6
347584,0,0
347584,1,1
347584,1,2
347584,0,3
347584,0,4
347584,0,5
347584,0,6
347585,2,0
347585,1,1
347585,1,2
347585,1,3
347585,2,4
347585,2,5
347585,2,6
347586,0,0
347586,0,1
347586,0,2
347586,0,3
347586,0,4
347586,0,5
347586,0,6
347587,0,0
347587,0,1
347587,0,2
347587,1,3
347587,0,4
347587,0,5
347587,0,6
347588,0,0
347588,0,1
347588,0,2
347588,0,3
347588,1,4
347588,0,5
347588,0,6
347589,2,0
347589,1,1
347589,1,2
347589,0,3
347589,1,4
347589,1,5
347589,1,6
347590,0,0
347590,1,1
347590,0,2
347590,0,3
347590,0,4
347590,2,5
347590,1,6
347591,0,0
347591,0,1
347591,0,2
347591,0,3
347591,1,4
347591,0,5
347591,1,6
347592,3,0
347592,1,1
347592,1,2
347592,2,3
347592,1,4
347592,1,5
347592,1,6
347593,1,0
347593,0,1
347593,0,2
347593,0,3
347593,0,4
347593,1,5
347593,0,6
347594,2,0
347594,2,1
347594,2,2
347594,1,3
347594,1,4
347594,0,5
347594,0,6
347595,0,0
347595,0,1
347595,0,2
347595,0,3
347595,0,4
347595,0,5
347595,0,6
347596,1,0
347596,0,1
347596,0,2
347596,0,3
347596,0,4
347596,0,5
347596,0,6
347597,0,0
347597,0,1
347597,0,2
347597,0,3
347597,0,4
347597,0,5
347597,0,6
347598,2,0
347598,0,1
347598,1,2
347598,0,3
347598,0,4
347598,0,5
347598,0,6
347599,0,0
347599,1,1
347599,0,2
347599,0,3
347599,1,4
347599,0,5
347599,0,6
347600,0,0
347600,0,1
347600,0,2
347600,0,3
347600,1,4
347600,0,5
347600,0,6
347601,0,0
347601,0,1
347601,1,2
347601,0,3
347601,0,4
347601,1,5
347601,0,6
347602,0,0
347602,0,1
347602,1,2
347602,0,3
347602,1,4
347602,0,5
347602,0,6
347603,0,0
347603,0,1
347603,0,2
347603,0,3
347603,0,4
347603,0,5
347603,1,6
347604,2,0
347604,2,1
347604,1,2
347604,0,3
347604,1,4
347604,1,5
347604,0,6
347605,0,0
347605,0,1
347605,0,2
347605,0,3
347605,0,4
347605,0,5
347605,0,6
347606,0,0
347606,1,1
347606,2,2
347606,3,3
347606,3,4
347606,0,5
347606,0,6
347607,0,0
347607,0,1
347607,0,2
347607,0,3
347607,0,4
347607,0,5
347607,1,6
347608,2,0
347608,2,1
347608,1,2
347608,1,3
347608,0,4
347608,1,5
347608,3,6
347609,0,0
347609,5,1
347609,2,2
347609,1,3
347609,1,4
347609,0,5
347609,1,6
347610,0,0
347610,0,1
347610,0,2
347610,0,3
347610,0,4
347610,0,5
347610,0,6
347611,0,0
347611,0,1
347611,0,2
347611,0,3
347611,0,4
347611,1,5
347611,1,6
347612,0,0
347612,1,1
347612,0,2
347612,0,3
347612,0,4
347612,0,5
347612,0,6
347613,0,0
347613,0,1
347613,0,2
347613,1,3
347613,1,4
347613,0,5
347613,0,6
347614,0,0
347614,0,1
347614,0,2
347614,0,3
347614,0,4
347614,0,5
347614,0,6
347615,0,0
347615,0,1
347615,0,2
347615,0,3
347615,1,4
347615,1,5
347615,0,6
347616,1,0
347616,0,1
347616,0,2
347616,0,3
347616,0,4
347616,1,5
347616,0,6
347617,0,0
347617,0,1
347617,0,2
347617,0,3
347617,0,4
347617,0,5
347617,0,6
347618,0,0
347618,0,1
347618,0,2
347618,0,3
347618,1,4
347618,1,5
347618,0,6
347619,0,0
347619,0,1
347619,1,2
347619,1,3
347619,0,4
347619,0,5
347619,0,6
347620,0,0
347620,0,1
347620,0,2
347620,0,3
347620,2,4
347620,0,5
347620,0,6
347621,1,0
347621,2,1
347621,1,2
347621,2,3
347621,3,4
347621,0,5
347621,0,6
347622,1,0
347622,1,1
347622,1,2
347622,0,3
347622,1,4
347622,0,5
347622,0,6
347623,0,0
347623,1,1
347623,0,2
347623,0,3
347623,0,4
347623,1,5
347623,0,6
347624,0,0
347624,1,1
347624,0,2
347624,1,3
347624,0,4
347624,0,5
347624,0,6
347625,0,0
347625,0,1
347625,0,2
347625,0,3
347625,0,4
347625,0,5
347625,0,6
347626,0,0
347626,0,1
347626,0,2
347626,0,3
347626,0,4
347626,1,5
347626,0,6
347627,0,0
347627,0,1
347627,0,2
347627,0,3
347627,1,4
347627,0,5
347627,0,6
347628,0,0
347628,0,1
347628,0,2
347628,0,3
347628,0,4
347628,1,5
347628,0,6
347629,0,0
347629,0,1
347629,0,2
347629,1,3
347629,0,4
347629,0,5
347629,0,6
347630,0,0
347630,0,1
347630,0,2
347630,0,3
347630,0,4
347630,0,5
347630,0,6
347631,2,0
347631,0,1
347631,0,2
347631,0,3
347631,0,4
347631,0,5
347631,0,6
347632,0,0
347632,1,1
347632,0,2
347632,0,3
347632,0,4
347632,1,5
347632,0,6
347633,0,0
347633,0,1
347633,0,2
347633,0,3
347633,0,4
347633,0,5
347633,0,6
347634,0,0
347634,0,1
347634,0,2
347634,0,3
347634,1,4
347634,0,5
347634,0,6
347635,1,0
347635,0,1
347635,0,2
347635,1,3
347635,0,4
347635,0,5
347635,0,6
347636,0,0
347636,0,1
347636,0,2
347636,0,3
347636,0,4
347636,0,5
347636,0,6
347637,0,0
347637,0,1
347637,1,2
347637,0,3
347637,0,4
347637,0,5
347637,0,6
347638,0,0
347638,2,1
347638,0,2
347638,0,3
347638,0,4
347638,0,5
347638,0,6
347639,1,0
347639,0,1
347639,0,2
347639,0,3
347639,0,4
347639,1,5
347639,0,6
347640,0,0
347640,0,1
347640,0,2
347640,0,3
347640,0,4
347640,1,5
347640,0,6
347641,2,0
347641,2,1
347641,0,2
347641,0,3
347641,0,4
347641,1,5
347641,0,6
347642,0,0
347642,0,1
347642,1,2
347642,1,3
347642,0,4
347642,0,5
347642,0,6
347643,0,0
347643,1,1
347643,0,2
347643,0,3
347643,0,4
347643,0,5
347643,0,6
347644,1,0
347644,0,1
347644,0,2
347644,0,3
347644,1,4
347644,0,5
347644,0,6
347645,0,0
347645,0,1
347645,1,2
347645,0,3
347645,0,4
347645,0,5
347645,1,6
347646,1,0
347646,1,1
347646,1,2
347646,3,3
347646,0,4
347646,4,5
347646,1,6
347647,0,0
347647,0,1
347647,0,2
347647,0,3
347647,0,4
347647,0,5
347647,0,6
347648,1,0
347648,0,1
347648,0,2
347648,0,3
347648,0,4
347648,0,5
347648,0,6
347649,1,0
347649,0,1
347649,0,2
347649,0,3
347649,0,4
347649,1,5
347649,0,6
347650,0,0
347650,0,1
347650,0,2
347650,0,3
347650,0,4
347650,0,5
347650,0,6
347651,1,0
347651,0,1
347651,0,2
347651,1,3
347651,0,4
347651,0,5
347651,0,6
347652,0,0
347652,0,1
347652,0,2
347652,0,3
347652,1,4
347652,0,5
347652,0,6
347653,0,0
347653,0,1
347653,0,2
347653,0,3
347653,0,4
347653,0,5
347653,0,6
347654,0,0
347654,0,1
347654,0,2
347654,0,3
347654,0,4
347654,0,5
347654,0,6
347655,1,0
347655,0,1
347655,0,2
347655,0,3
347655,0,4
347655,0,5
347655,0,6
347656,0,0
347656,0,1
347656,0,2
347656,0,3
347656,0,4
347656,0,5
347656,0,6
347657,0,0
347657,1,1
347657,1,2
347657,1,3
347657,1,4
347657,0,5
347657,0,6
347658,0,0
347658,0,1
347658,0,2
347658,0,3
347658,0,4
347658,0,5
347658,0,6
347659,0,0
347659,0,1
347659,0,2
347659,0,3
347659,0,4
347659,0,5
347659,0,6
347660,0,0
347660,0,1
347660,0,2
347660,0,3
347660,0,4
347660,0,5
347660,0,6
347661,0,0
347661,0,1
347661,1,2
347661,0,3
347661,1,4
347661,1,5
347661,0,6
347662,0,0
347662,0,1
347662,0,2
347662,0,3
347662,0,4
347662,0,5
347662,0,6
347663,0,0
347663,0,1
347663,1,2
347663,0,3
347663,0,4
347663,0,5
347663,1,6
347664,1,0
347664,2,1
347664,0,2
347664,2,3
347664,0,4
347664,0,5
347664,0,6
347665,0,0
347665,0,1
347665,0,2
347665,0,3
347665,0,4
347665,0,5
347665,1,6
347666,0,0
347666,0,1
347666,0,2
347666,1,3
347666,0,4
347666,0,5
347666,0,6
347667,0,0
347667,0,1
347667,0,2
347667,0,3
347667,0,4
347667,0,5
347667,0,6
347668,0,0
347668,0,1
347668,0,2
347668,0,3
347668,0,4
347668,0,5
347668,0,6
347669,0,0
347669,0,1
347669,0,2
347669,0,3
347669,0,4
347669,0,5
347669,0,6
347670,0,0
347670,0,1
347670,0,2
347670,0,3
347670,1,4
347670,0,5
347670,1,6
347671,0,0
347671,0,1
347671,0,2
347671,0,3
347671,0,4
347671,1,5
347671,0,6
347672,0,0
347672,0,1
347672,0,2
347672,0,3
347672,0,4
347672,0,5
347672,0,6
347673,0,0
347673,1,1
347673,0,2
347673,0,3
347673,0,4
347673,0,5
347673,0,6
347674,1,0
347674,0,1
347674,0,2
347674,1,3
347674,1,4
347674,0,5
347674,0,6
347675,0,0
347675,0,1
347675,0,2
347675,0,3
347675,0,4
347675,0,5
347675,1,6
347676,0,0
347676,0,1
347676,0,2
347676,0,3
347676,1,4
347676,0,5
347676,0,6
347677,0,0
347677,0,1
347677,1,2
347677,0,3
347677,0,4
347677,0,5
347677,0,6
347678,1,0
347678,1,1
347678,2,2
347678,1,3
347678,1,4
347678,0,5
347678,0,6
347679,0,0
347679,0,1
347679,0,2
347679,0,3
347679,0,4
347679,0,5
347679,0,6
347680,0,0
347680,1,1
347680,0,2
347680,0,3
347680,0,4
347680,0,5
347680,1,6
347681,0,0
347681,1,1
347681,0,2
347681,1,3
347681,0,4
347681,1,5
347681,0,6
347682,1,0
347682,0,1
347682,0,2
347682,0,3
347682,1,4
347682,1,5
347682,0,6
347683,0,0
347683,0,1
347683,0,2
347683,0,3
347683,0,4
347683,1,5
347683,1,6
347684,0,0
347684,1,1
347684,1,2
347684,0,3
347684,0,4
347684,1,5
347684,0,6
347685,0,0
347685,0,1
347685,1,2
347685,1,3
347685,0,4
347685,0,5
347685,0,6
347686,0,0
347686,0,1
347686,0,2
347686,1,3
347686,0,4
347686,0,5
347686,0,6
347687,0,0
347687,0,1
347687,0,2
347687,0,3
347687,0,4
347687,1,5
347687,0,6
347688,0,0
347688,1,1
347688,0,2
347688,0,3
347688,0,4
347688,0,5
347688,0,6
347689,0,0
347689,0,1
347689,0,2
347689,2,3
347689,0,4
347689,0,5
347689,0,6
347690,0,0
347690,1,1
347690,0,2
347690,1,3
347690,0,4
347690,0,5
347690,0,6
347691,1,0
347691,0,1
347691,0,2
347691,0,3
347691,0,4
347691,0,5
347691,0,6
347692,0,0
347692,0,1
347692,0,2
347692,0,3
347692,0,4
347692,0,5
347692,1,6
347693,0,0
347693,0,1
347693,0,2
347693,0,3
347693,0,4
347693,0,5
347693,1,6
347694,0,0
347694,0,1
347694,0,2
347694,0,3
347694,0,4
347694,0,5
347694,0,6
347695,1,0
347695,0,1
347695,0,2
347695,0,3
347695,1,4
347695,0,5
347695,0,6
347696,1,0
347696,0,1
347696,0,2
347696,0,3
347696,0,4
347696,1,5
347696,0,6
347697,0,0
347697,1,1
347697,0,2
347697,1,3
347697,0,4
347697,0,5
347697,0,6
347698,0,0
347698,0,1
347698,0,2
347698,0,3
347698,0,4
347698,0,5
347698,0,6
347699,0,0
347699,0,1
347699,0,2
347699,0,3
347699,0,4
347699,0,5
347699,0,6
347700,0,0
347700,0,1
347700,0,2
347700,1,3
347700,0,4
347700,2,5
347700,0,6
347701,1,0
347701,1,1
347701,0,2
347701,0,3
347701,0,4
347701,0,5
347701,0,6
347702,0,0
347702,0,1
347702,0,2
347702,0,3
347702,0,4
347702,0,5
347702,1,6
347703,0,0
347703,0,1
347703,0,2
347703,0,3
347703,0,4
347703,0,5
347703,0,6
347704,0,0
347704,1,1
347704,0,2
347704,0,3
347704,0,4
347704,0,5
347704,0,6
347705,0,0
347705,1,1
347705,0,2
347705,0,3
347705,1,4
347705,0,5
347705,0,6
347706,0,0
347706,0,1
347706,0,2
347706,0,3
347706,0,4
347706,0,5
347706,0,6
347707,0,0
347707,1,1
347707,0,2
347707,0,3
347707,1,4
347707,0,5
347707,0,6
347708,0,0
347708,0,1
347708,0,2
347708,0,3
347708,0,4
347708,0,5
347708,1,6
347709,1,0
347709,0,1
347709,0,2
347709,0,3
347709,0,4
347709,1,5
347709,0,6
347710,0,0
347710,1,1
347710,0,2
347710,0,3
347710,0,4
347710,0,5
347710,0,6
347711,0,0
347711,0,1
347711,0,2
347711,1,3
347711,1,4
347711,0,5
347711,0,6
347712,0,0
347712,0,1
347712,1,2
347712,1,3
347712,0,4
347712,0,5
347712,0,6
347713,0,0
347713,1,1
347713,0,2
347713,0,3
347713,0,4
347713,0,5
347713,0,6
347714,0,0
347714,1,1
347714,0,2
347714,0,3
347714,0,4
347714,0,5
347714,0,6
347715,0,0
347715,0,1
347715,0,2
347715,0,3
347715,0,4
347715,1,5
347715,0,6
347716,0,0
347716,2,1
347716,1,2
347716,1,3
347716,1,4
347716,2,5
347716,1,6
347717,0,0
347717,0,1
347717,0,2
347717,0,3
347717,1,4
347717,1,5
347717,0,6
347718,0,0
347718,1,1
347718,0,2
347718,0,3
347718,0,4
347718,0,5
347718,0,6
347719,1,0
347719,0,1
347719,1,2
347719,0,3
347719,1,4
347719,0,5
347719,0,6
347720,0,0
347720,0,1
347720,0,2
347720,0,3
347720,0,4
347720,0,5
347720,0,6
347721,1,0
347721,0,1
347721,0,2
347721,0,3
347721,0,4
347721,0,5
347721,0,6
347722,0,0
347722,1,1
347722,0,2
347722,0,3
347722,0,4
347722,0,5
347722,1,6
347723,0,0
347723,1,1
347723,0,2
347723,0,3
347723,0,4
347723,0,5
347723,1,6
347724,3,0
347724,0,1
347724,0,2
347724,1,3
347724,1,4
347724,0,5
347724,0,6
347725,0,0
347725,0,1
347725,0,2
347725,0,3
347725,1,4
347725,0,5
347725,0,6
347726,0,0
347726,0,1
347726,1,2
347726,0,3
347726,0,4
347726,0,5
347726,0,6
347727,0,0
347727,1,1
347727,0,2
347727,0,3
347727,0,4
347727,0,5
347727,0,6
347728,0,0
347728,3,1
347728,0,2
347728,1,3
347728,1,4
347728,1,5
347728,1,6
347729,0,0
347729,0,1
347729,0,2
347729,0,3
347729,0,4
347729,0,5
347729,1,6
347730,0,0
347730,0,1
347730,0,2
347730,0,3
347730,0,4
347730,0,5
347730,0,6
347731,0,0
347731,0,1
347731,0,2
347731,0,3
347731,0,4
347731,0,5
347731,1,6